Activity Type,Date,Favorite,Title,Distance,Calories,Time,Avg HR,Max HR,Aerobic TE,Avg Run Cadence,Max Run Cadence,Avg Pace,Best Pace,Total Ascent,Total Descent,Avg Stride Length,Avg Vertical Ratio,Avg Vertical Oscillation,Avg Ground Contact Time,Avg GCT Balance,Avg Run Cadence,Max Run Cadence,Normalized Power® (NP®),Training Stress Score®,Max Avg Power (20 min),Avg Power,Max Power,Grit,Flow,Total Strokes,Avg. Swolf,Avg Stroke Rate,Total Reps,Total Sets,Dive Time,Min Temp,Surface Interval,Decompression,Best Lap Time,Number of Laps,Max Temp,Avg Resp,Min Resp,Max Resp,Moving Time,Elapsed Time,Min Elevation,Max Elevation
Trail Running,2021-12-31 15:19:10,true,"Piatra Neamt Trail Running","10.08","929","01:28:44","143","165","3.7","143","256","8:48","5:14","687","693","0.78","9.7","7.6","368","47.9% L / 52.1% R","0","0","--","0.0","--","0","0","0.0","0.0","--","0","0","0","--","0:00","10.0","0:00","No","00:28.66.9","11","0.0","34","18","45","01:28:35","01:28:44","349","655"
Hiking,2021-12-29 14:57:58,true,"Piatra Neamt Hiking","7.40","475","01:43:12","95","119","1.0","102","248","13:57","8:21","361","368","0.71","0.0","0.0","0","--","0","0","--","0.0","--","0","0","0.0","0.0","--","0","0","0","--","0:00","2.0","0:00","No","01:43:11.61.9","1","0.0","23","12","32","01:37:22","01:43:12","341","659"
Virtual Cycling,2021-12-26 19:23:05,true,"Thio Virtual Cycling","27.31","657","00:53:15","140","159","--","0","0","30.8","65.8","262","--","0.00","0.0","0.0","0","--","81","144","221","0.0","235","215","342","0.0","0.0","--","0","0","0","--","0:00","0.0","0:00","No","53:15.00","1","0.0","--","--","--","00:53:13","00:53:14","10","121"
Hiking,2021-12-25 12:02:17,true,"Piatra Neamt Hiking","8.25","581","01:38:28","107","145","2.2","104","250","11:56","7:36","373","376","0.80","0.0","0.0","0","--","0","0","--","0.0","--","0","0","0.0","0.0","--","0","0","0","--","0:00","8.0","0:00","No","01:38:27.92.3","1","0.0","--","--","--","01:36:21","01:38:28","351","659"
Trail Running,2021-12-23 13:14:26,true,"Piatra Neamt Trail Running","12.10","960","01:26:54","141","173","3.8","164","226","7:11","4:47","573","577","0.83","8.9","7.4","291","47.2% L / 52.8% R","0","0","--","0.0","--","0","0","0.0","0.0","--","0","0","0","--","0:00","2.0","0:00","No","00:38.60.1","13","0.0","34","14","49","01:26:46","01:26:54","343","679"
Trail Running,2021-12-20 14:59:32,true,"Piatra Neamt Trail Running","12.32","975","01:48:39","123","166","3.0","135","228","8:49","4:44","894","900","0.82","9.7","7.9","332","47.5% L / 52.5% R","0","0","--","0.0","--","0","0","0.0","0.0","--","0","0","0","--","0:00","6.0","0:00","No","01:45.05.2","13","0.0","31","15","44","01:46:57","01:48:39","351","663"
Trail Running,2021-12-19 09:04:13,true,"Piatra Neamt Trail Running","11.41","853","01:24:12","130","163","3.2","159","256","7:23","4:47","498","498","0.84","9.0","7.6","288","48.1% L / 51.9% R","0","0","--","0.0","--","0","0","0.0","0.0","--","0","0","0","--","0:00","5.0","0:00","No","02:18.42.5","12","0.0","31","15","46","01:23:14","01:26:22","346","678"
Trail Running,2021-12-15 15:04:23,true,"Piatra Neamt Trail Running","13.12","1,068","01:29:13","146","174","4.0","169","231","6:48","4:18","732","725","0.85","9.4","7.9","274","48.0% L / 52.0% R","0","0","--","0.0","--","0","0","0.0","0.0","--","0","0","0","--","0:00","6.0","0:00","No","00:45.49.1","14","0.0","36","13","48","01:27:49","01:29:13","350","659"
Virtual Cycling,2021-12-12 18:38:41,true,"Innsbruck Virtual Cycling","24.15","627","00:58:41","138","161","--","0","0","24.7","91.1","495","--","0.00","0.0","0.0","0","--","76","158","192","0.0","200","186","348","0.0","0.0","--","0","0","0","--","0:00","0.0","0:00","No","58:41.00","1","0.0","--","--","--","00:58:33","00:58:40","279","696"
Hiking,2021-12-10 15:33:39,true,"Piatra Neamt Hiking","7.24","563","01:35:15","108","156","2.6","108","245","13:10","9:39","342","342","0.70","0.0","0.0","0","--","0","0","--","0.0","--","0","0","0.0","0.0","--","0","0","0","--","0:00","7.0","0:00","No","01:35:14.96.2","1","0.0","--","--","--","01:34:27","01:35:15","351","658"
Trail Running,2021-12-08 15:30:12,true,"Piatra Neamt Trail Running","12.01","1,034","01:27:49","143","165","3.7","164","256","7:19","4:39","557","533","0.82","10.1","8.1","293","47.4% L / 52.6% R","0","0","--","0.0","--","0","0","0.0","0.0","--","0","0","0","--","0:00","3.0","0:00","No","00:02.66.3","13","0.0","34","18","45","01:27:39","01:27:49","324","659"
Virtual Cycling,2021-12-06 19:13:28,true,"Thio Virtual Cycling","25.16","500","00:45:31","136","160","--","0","0","33.2","63.6","154","--","0.00","0.0","0.0","0","--","66","136","198","0.0","206","191","259","0.0","0.0","--","0","0","0","--","0:00","0.0","0:00","No","45:30.99.9","1","0.0","--","--","--","00:45:29","00:45:30","10","121"
Trail Running,2021-12-05 14:50:46,true,"Piatra Neamt Trail Running","13.02","1,055","01:27:10","142","166","3.8","171","235","6:42","4:24","712","709","0.86","9.2","7.8","284","48.1% L / 51.9% R","0","0","--","0.0","--","0","0","0.0","0.0","--","0","0","0","--","0:00","5.0","0:00","No","00:05.00.7","14","0.0","36","17","49","01:27:07","01:27:10","328","668"
Hiking,2021-12-04 15:02:40,true,"Piatra Neamt Hiking","7.19","541","01:26:34","108","150","2.1","110","249","12:03","6:01","343","346","0.75","0.0","0.0","0","--","0","0","--","0.0","--","0","0","0.0","0.0","--","0","0","0","--","0:00","6.0","0:00","No","01:26:34.10.6","1","0.0","--","--","--","01:25:18","01:26:34","352","664"
Trail Running,2021-12-01 08:00:30,true,"Feleacu Trail Running","51.40","3,919","05:02:40","151","171","5.0","169","256","5:53","3:51","1,878","1,869","1.00","9.0","9.0","274","47.2% L / 52.8% R","0","0","--","0.0","--","0","0","0.0","0.0","--","0","0","0","--","0:00","6.0","0:00","No","02:16.14.3","52","0.0","38","14","52","05:00:31","05:02:40","321","748"
Trail Running,2021-11-28 08:21:33,true,"Piatra Neamt Trail Running","15.60","1,305","01:46:03","147","168","4.0","150","247","6:48","3:57","989","882","0.94","9.6","8.9","351","48.7% L / 51.3% R","0","0","--","0.0","--","0","0","0.0","0.0","--","0","0","0","--","0:00","9.0","0:00","No","04:28.60.8","16","0.0","35","13","48","01:45:30","02:22:00","308","657"
Virtual Cycling,2021-11-26 18:37:27,true,"Innsbruck Virtual Cycling","25.31","659","01:06:42","127","157","--","0","0","22.8","90.4","500","--","0.00","0.0","0.0","0","--","73","137","179","0.0","194","172","360","0.0","0.0","--","0","0","0","--","0:00","0.0","0:00","No","01:06:41.99.9","1","0.0","--","--","--","01:06:40","01:06:41","279","696"
Trail Running,2021-11-25 15:01:04,true,"Piatra Neamt Trail Running","13.57","966","01:24:07","133","147","3.5","169","214","6:12","4:12","517","513","0.93","8.8","8.3","283","47.6% L / 52.4% R","0","0","--","0.0","--","0","0","0.0","0.0","--","0","0","0","--","0:00","5.0","0:00","No","03:28.98.8","14","0.0","30","13","43","01:24:00","01:24:07","333","674"
Virtual Cycling,2021-11-24 18:12:06,true,"Virtual Cycling","30.71","641","01:00:59","129","156","--","0","0","30.2","57.8","236","--","0.00","0.0","0.0","0","--","65","129","192","0.0","202","185","292","0.0","0.0","--","0","0","0","--","0:00","0.0","0:00","No","01:00:58.97.6","1","0.0","--","--","--","01:00:10","01:00:58","-6","132"
Trail Running,2021-11-23 15:34:58,true,"Piatra Neamt Trail Running","13.06","898","01:17:06","143","167","3.7","171","204","5:54","4:25","554","557","0.96","8.8","8.6","268","47.3% L / 52.7% R","0","0","--","0.0","--","0","0","0.0","0.0","--","0","0","0","--","0:00","7.0","0:00","No","00:24.35.7","14","0.0","35","13","47","01:16:55","01:17:06","336","677"
Trail Running,2021-11-21 13:16:31,true,"Piatra Neamt Trail Running","13.01","1,035","01:31:48","142","169","3.8","168","256","7:03","4:27","785","775","0.82","9.9","8.0","282","47.4% L / 52.6% R","0","0","--","0.0","--","0","0","0.0","0.0","--","0","0","0","--","0:00","15.0","0:00","No","00:04.31.4","14","0.0","35","14","51","01:31:38","01:31:51","343","812"
Hiking,2021-11-20 12:27:46,true,"Gârcina Hiking","9.60","632","01:57:03","102","132","1.5","107","246","12:12","9:12","299","294","0.77","0.0","0.0","0","--","0","0","--","0.0","--","0","0","0.0","0.0","--","0","0","0","--","0:00","13.0","0:00","No","01:57:03.17.5","1","0.0","--","--","--","01:52:00","01:57:03","586","791"
Trail Running,2021-11-19 15:25:58,true,"Piatra Neamt Trail Running","13.30","974","01:21:37","143","161","3.8","171","201","6:08","4:11","505","510","0.91","9.1","8.3","274","47.2% L / 52.8% R","0","0","--","0.0","--","0","0","0.0","0.0","--","0","0","0","--","0:00","10.0","0:00","No","01:37.00.9","14","0.0","34","19","46","01:21:27","01:21:37","335","673"
Virtual Cycling,2021-11-18 17:20:52,true,"Zwift - Makuri Islands","20.15","371","00:35:39","124","141","--","0","0","33.9","59.9","154","--","0.00","0.0","0.0","0","--","68","118","189","0.0","197","181","312","0.0","0.0","--","0","0","0","--","0:00","0.0","0:00","No","35:38.99.9","1","0.0","--","--","--","00:35:37","00:35:38","125","200"
Hiking,2021-11-18 15:18:49,true,"Piatra Neamt Hiking","7.17","503","01:28:14","105","136","1.6","110","249","12:19","8:01","337","340","0.74","0.0","0.0","0","--","0","0","--","0.0","--","0","0","0.0","0.0","--","0","0","0","--","0:00","11.0","0:00","No","01:28:13.63.4","1","0.0","--","--","--","01:27:25","01:28:14","348","656"
Trail Running,2021-11-17 15:24:00,true,"Piatra Neamt Trail Running","14.09","1,041","01:28:59","141","166","3.9","171","216","6:19","4:32","577","581","0.89","8.9","8.0","272","47.7% L / 52.3% R","0","0","--","0.0","--","0","0","0.0","0.0","--","0","0","0","--","0:00","6.0","0:00","No","00:26.36.4","15","0.0","33","19","48","01:28:56","01:28:59","349","675"
Virtual Cycling,2021-11-16 17:07:54,true,"Zwift - Innsbruck","25.38","632","01:04:39","124","159","--","0","0","23.6","88.8","500","--","0.00","0.0","0.0","0","--","79","153","179","0.0","192","170","368","0.0","0.0","--","0","0","0","--","0:00","0.0","0:00","No","01:04:38.99.9","1","0.0","--","--","--","01:04:34","01:04:38","279","696"
Virtual Cycling,2021-11-15 19:16:44,true,"Zwift - NYC","22.84","468","00:52:15","118","146","--","0","0","26.2","76.4","378","--","0.00","0.0","0.0","0","--","68","158","167","0.0","173","156","370","0.0","0.0","--","0","0","0","--","0:00","0.0","0:00","No","52:15.00","1","0.0","--","--","--","00:52:07","00:52:14","4","133"
Running,2021-11-14 10:28:40,true,"Piatra Neamt Running","21.31","1,041","02:15:23","147","170","--","0","0","6:21","2:24","879","879","0.00","0.0","0.0","0","--","0","0","--","0.0","--","0","0","0.0","0.0","--","0","0","0","--","0:00","0.0","0:00","No","01:32.76.9","22","0.0","--","--","--","02:14:59","02:15:23","303","654"
Virtual Cycling,2021-11-12 18:22:18,true,"Richmond Virtual Cycling","30.51","559","01:00:29","129","164","--","0","0","30.3","66.3","222","--","0.00","0.0","0.0","0","--","66","161","169","0.0","180","161","323","0.0","0.0","--","0","0","0","--","0:00","0.0","0:00","No","01:00:28.99.9","1","0.0","--","--","--","01:00:24","01:00:28","4","65"
Virtual Cycling,2021-11-10 18:36:19,true,"Veluwe Touring","15.61","312","00:30:11","132","150","--","0","0","31.0","61.1","159","103","0.00","0.0","0.0","0","--","70","84","178","36.9","180","173","291","0.0","0.0","--","0","0","0","--","0:00","0.0","0:00","No","30:11.00","1","0.0","--","--","--","00:30:07","00:30:11","49","113"
Running,2021-11-09 15:40:56,true,"Piatra Neamt Running","11.94","537","01:28:02","145","174","--","0","0","7:22","3:49","748","747","0.00","0.0","0.0","0","--","0","0","--","0.0","--","0","0","0.0","0.0","--","0","0","0","--","0:00","0.0","0:00","No","04:59.82.9","12","0.0","--","--","--","01:27:39","01:28:02","353","655"
Running,2021-11-07 10:52:52,true,"Piatra Neamt Running","8.40","638","01:39:18","144","176","--","0","0","11:49","5:03","988","976","0.00","0.0","0.0","0","--","0","0","--","0.0","--","0","0","0.0","0.0","--","0","0","0","--","0:00","0.0","0:00","No","04:09.47.9","9","0.0","--","--","--","01:37:49","01:39:18","378","632"
Running,2021-11-04 15:54:44,true,"Piatra Neamt Running","6.79","208","01:34:15","91","132","--","0","0","13:53","5:54","396","398","0.00","0.0","0.0","0","--","0","0","--","0.0","--","0","0","0.0","0.0","--","0","0","0","--","0:00","0.0","0:00","No","10:01.29.9","7","0.0","--","--","--","01:29:37","01:34:15","357","660"
Running,2021-11-03 16:00:51,true,"Piatra Neamt Running","7.12","314","01:26:45","118","169","--","0","0","12:11","4:57","546","598","0.00","0.0","0.0","0","--","0","0","--","0.0","--","0","0","0.0","0.0","--","0","0","0","--","0:00","0.0","0:00","No","01:24.29","8","0.0","--","--","--","01:19:06","01:26:45","351","655"
Hiking,2021-11-02 15:41:02,true,"Piatra Neamt Hiking","7.21","656","01:31:54","115","145","2.3","114","250","12:45","6:51","342","340","0.70","0.0","0.0","0","--","0","0","--","0.0","--","0","0","0.0","0.0","--","0","0","0","--","0:00","15.0","0:00","No","02:24.93","8","0.0","--","--","--","01:30:50","01:31:54","355","659"
Running,2021-10-31 08:32:01,true,"Bucharest Running","42.20","2,732","03:19:32","153","170","5.0","181","191","4:44","4:13","79","73","1.16","7.7","9.2","240","46.4% L / 53.6% R","0","0","--","0.0","--","0","0","0.0","0.0","--","0","0","0","--","0:00","14.0","0:00","No","01:04.27.5","43","0.0","35","23","48","03:19:23","03:19:32","68","91"
Hiking,2021-10-27 15:49:39,true,"Piatra Neamt Hiking","7.18","496","01:31:38","99","129","1.6","107","247","12:46","9:24","333","332","0.74","0.0","0.0","0","--","0","0","--","0.0","--","0","0","0.0","0.0","--","0","0","0","--","0:00","20.0","0:00","No","01:55.11.3","8","0.0","--","--","--","01:27:58","01:31:38","353","653"
Trail Running,2021-10-26 15:55:32,true,"Piatra Neamt Trail Running","8.25","609","01:14:39","117","168","2.8","132","211","9:03","3:03","375","375","0.84","8.3","6.8","363","48.1% L / 51.9% R","0","0","--","0.0","--","0","0","0.0","0.0","--","0","0","0","--","0:00","13.0","0:00","No","01:02.13.4","14","0.0","28","15","43","01:08:31","01:14:39","359","544"
Running,2021-10-25 18:43:47,true,"Piatra Neamt Running","10.01","681","00:49:59","148","159","4.0","179","186","5:00","4:18","63","62","1.14","8.0","9.3","246","46.1% L / 53.9% R","0","0","--","0.0","--","0","0","0.0","0.0","--","0","0","0","--","0:00","11.0","0:00","No","00:03.18.1","11","0.0","32","17","43","00:49:52","00:49:59","334","341"
Trail Running,2021-10-23 09:57:17,true,"Bicaz Trail Running","15.59","1,667","03:21:06","127","171","4.8","112","213","12:54","3:11","1,439","1,432","0.69","12.4","8.2","464","48.7% L / 51.3% R","0","0","--","0.0","--","0","0","0.0","0.0","--","0","0","0","--","0:00","9.0","0:00","No","02:44.26.1","16","0.0","30","11","50","02:53:07","03:42:43","808","1,902"
Trail Running,2021-10-21 15:55:21,true,"Piatra Neamt Trail Running","9.09","666","00:57:23","139","167","3.6","169","218","6:19","4:20","322","316","0.92","8.7","8.1","279","46.7% L / 53.3% R","0","0","--","0.0","--","0","0","0.0","0.0","--","0","0","0","--","0:00","21.0","0:00","No","00:30.49.9","10","0.0","34","13","49","00:56:55","01:03:15","334","648"
Cycling,2021-10-20 16:04:19,true,"Piatra Neamt Cycling","19.11","684","01:23:30","120","159","3.3","0","0","13.7","34.7","532","531","0.00","0.0","0.0","0","--","0","0","--","0.0","--","0","0","0.0","0.0","--","0","0","0","--","0:00","20.0","0:00","No","14:26.24.5","4","0.0","28","12","45","01:21:25","01:25:28","338","652"
Trail Running,2021-10-19 15:39:48,true,"Piatra Neamt Trail Running","12.14","846","01:23:23","127","150","3.2","169","202","6:52","4:22","487","486","0.84","9.5","7.9","285","48.3% L / 51.7% R","0","0","--","0.0","--","0","0","0.0","0.0","--","0","0","0","--","0:00","14.0","0:00","No","00:41.17.3","13","0.0","31","13","42","01:22:43","01:26:10","346","659"
Hiking,2021-10-18 17:53:49,true,"Piatra Neamt Hiking","5.26","423","01:03:46","108","146","2.1","108","247","12:07","7:28","253","252","0.76","0.0","0.0","0","--","0","0","--","0.0","--","0","0","0.0","0.0","--","0","0","0","--","0:00","14.0","0:00","No","02:44.74.2","6","0.0","--","--","--","01:01:57","01:03:46","357","611"
Running,2021-10-17 11:21:01,true,"Piatra Neamt Running","16.52","1,127","01:32:01","132","159","3.8","174","213","5:34","3:38","250","250","1.03","8.0","8.4","261","46.4% L / 53.6% R","0","0","--","0.0","--","0","0","0.0","0.0","--","0","0","0","--","0:00","13.0","0:00","No","02:18.48.8","17","0.0","35","13","47","01:31:18","01:35:16","337","459"
Running,2021-10-16 11:02:00,true,"Piatra Neamt Running","7.10","484","00:33:47","156","167","3.9","178","187","4:45","4:08","52","50","1.17","7.9","9.4","241","45.3% L / 54.7% R","0","0","--","0.0","--","0","0","0.0","0.0","--","0","0","0","--","0:00","15.0","0:00","No","00:32.47.7","8","0.0","37","21","46","00:33:46","00:33:47","333","342"
Cycling,2021-10-15 17:01:57,true,"Piatra Neamt Cycling","15.16","541","01:23:52","107","146","2.5","0","0","10.8","26.9","490","489","0.00","0.0","0.0","0","--","0","0","--","0.0","--","0","0","0.0","0.0","--","0","0","0","--","0:00","14.0","0:00","No","00:41.56.2","4","0.0","26","10","41","01:16:51","01:23:52","341","663"
Trail Running,2021-10-14 16:41:51,true,"Piatra Neamt Trail Running","10.67","797","01:21:39","130","170","3.2","141","209","7:39","3:25","460","459","0.91","8.3","7.5","334","48.0% L / 52.0% R","0","0","--","0.0","--","0","0","0.0","0.0","--","0","0","0","--","0:00","12.0","0:00","No","01:42.18.1","15","0.0","32","14","46","01:17:46","01:21:39","354","658"
Running,2021-10-12 16:25:00,true,"Piatra Neamt Running","15.35","--","01:17:08","150","166","--","0","0","5:02","2:08","314","312","0.00","0.0","0.0","0","--","0","0","--","0.0","--","0","0","0.0","0.0","--","0","0","0","--","0:00","0.0","0:00","No","01:17:07.99.9","1","0.0","--","--","--","01:15:51","01:17:08","329","473"
Trail Running,2021-10-10 08:36:00,true,"Piatra Neamt Running","24.31","--","02:31:07","138","169","--","0","0","6:13","1:50","536","561","0.00","0.0","0.0","0","--","0","0","--","0.0","--","0","0","0.0","0.0","--","0","0","0","--","0:00","0.0","0:00","No","02:31:06.99.9","1","0.0","--","--","--","02:23:49","02:31:07","310","655"
Trail Running,2021-10-09 10:52:00,true,"Bicaz Trail Running","17.42","--","04:22:56","108","161","--","0","0","15:05","2:08","1,575","1,583","0.00","0.0","0.0","0","--","0","0","--","0.0","--","0","0","0.0","0.0","--","0","0","0","--","0:00","0.0","0:00","No","04:22:56.00","1","0.0","--","--","--","03:57:31","04:22:56","801","1,866"
Trail Running,2021-10-08 15:37:00,true,"Piatra Neamt Trail Running","12.68","--","01:18:32","0","0","--","0","0","6:12","2:06","647","647","0.00","0.0","0.0","0","--","0","0","--","0.0","--","0","0","0.0","0.0","--","0","0","0","--","0:00","0.0","0:00","No","01:18:32.00","1","0.0","--","--","--","01:18:03","01:18:32","329","656"
Trail Running,2021-10-06 16:51:41,true,"Piatra Neamt Trail Running","9.17","896","01:18:55","143","180","3.5","171","207","8:37","4:35","829","829","0.67","10.6","6.8","305","48.5% L / 51.5% R","0","0","--","0.0","--","0","0","0.0","0.0","--","0","0","0","--","0:00","15.0","0:00","No","00:52.37.7","10","0.0","37","20","50","01:18:48","01:18:55","346","639"
Running,2021-10-05 16:40:54,true,"Piatra Neamt Running","16.11","1,085","01:19:05","148","163","4.6","183","201","4:55","3:43","125","124","1.10","7.4","8.4","246","45.8% L / 54.2% R","0","0","--","0.0","--","0","0","0.0","0.0","--","0","0","0","--","0:00","15.0","0:00","No","00:26.54","17","0.0","37","22","45","01:19:01","01:19:05","311","346"
Cycling,2021-10-04 17:11:00,true,"Piatra Neamt Cycling","17.29","615","01:21:20","121","166","3.4","0","0","12.8","26.5","573","573","0.00","0.0","0.0","0","--","0","0","--","0.0","--","0","0","0.0","0.0","--","0","0","0","--","0:00","17.0","0:00","No","07:06.47.3","4","0.0","27","11","46","01:20:14","01:21:20","326","647"
Running,2021-10-03 10:31:20,true,"Piatra Neamt Running","20.03","1,370","01:55:18","131","151","3.9","176","197","5:45","3:49","151","148","0.98","8.1","8.1","252","46.7% L / 53.3% R","0","0","--","0.0","--","0","0","0.0","0.0","--","0","0","0","--","0:00","12.0","0:00","No","00:09.26.2","21","0.0","36","19","50","01:55:13","01:55:18","330","372"
Hiking,2021-10-02 16:49:20,true,"Piatra Neamt Hiking","7.45","578","01:50:33","97","139","1.8","93","241","14:50","6:12","398","391","0.73","0.0","0.0","0","--","0","0","--","0.0","--","0","0","0.0","0.0","--","0","0","0","--","0:00","17.0","0:00","No","01:50:32.81","1","0.0","--","--","--","01:39:26","01:50:33","327","627"
Hiking,2021-09-30 17:20:30,true,"Piatra Neamt Hiking","7.13","495","01:33:26","98","132","1.4","106","181","13:06","9:15","325","326","0.72","0.0","0.0","0","--","0","0","--","0.0","--","0","0","0.0","0.0","--","0","0","0","--","0:00","16.0","0:00","No","01:33:25.98.6","1","0.0","--","--","--","01:31:37","01:33:26","338","632"
Track Running,2021-09-29 18:10:11,true,"Piatra Neamt Track Running","10,010","648","00:50:24","142","167","3.6","177","188","5:02","3:53","1","1","1.10","8.6","9.7","245","46.6% L / 53.4% R","0","0","--","0.0","--","0","0","0.0","0.0","--","0","0","0","--","0:00","15.0","0:00","No","01:37.07.9","24","0.0","34","13","43","00:50:12","00:50:24","336","338"
Running,2021-09-28 17:07:02,true,"Piatra Neamt Running","10.02","651","00:46:56","155","171","4.4","186","196","4:41","3:32","79","76","1.14","7.4","8.6","236","45.8% L / 54.2% R","0","0","--","0.0","--","0","0","0.0","0.0","--","0","0","0","--","0:00","15.0","0:00","No","00:08.89.2","11","0.0","37","19","47","00:46:49","00:46:56","330","365"
Running,2021-09-27 17:14:47,true,"Piatra Neamt Running","9.51","634","00:56:58","125","153","3.3","173","188","5:59","4:39","180","170","0.97","8.9","8.7","275","47.8% L / 52.2% R","0","0","--","0.0","--","0","0","0.0","0.0","--","0","0","0","--","0:00","19.0","0:00","No","03:41.64.7","10","0.0","32","17","44","00:56:35","00:56:58","328","473"
Cycling,2021-09-26 10:00:40,true,"Piatra Neamt Cycling","40.97","980","01:50:54","130","171","3.8","0","0","22.2","42.3","575","576","0.00","0.0","0.0","0","--","0","0","--","0.0","--","0","0","0.0","0.0","--","0","0","0","--","0:00","16.0","0:00","No","03:05.23.3","9","0.0","31","17","48","01:46:31","01:50:54","327","736"
Cycling,2021-09-25 15:49:13,true,"Piatra Neamt Cycling","25.59","431","01:30:01","97","160","2.0","0","0","17.1","40.5","197","195","0.00","0.0","0.0","0","--","0","0","--","0.0","--","0","0","0.0","0.0","--","0","0","0","--","0:00","19.0","0:00","No","01:34.83.9","6","0.0","21","11","46","01:18:24","01:30:01","311","380"
Hiking,2021-09-23 15:25:18,true,"Piatra Neamt Hiking","6.81","297","01:23:41","85","108","0.6","106","250","12:17","7:50","320","317","0.77","0.0","0.0","0","--","0","0","--","0.0","--","0","0","0.0","0.0","--","0","0","0","--","0:00","17.0","0:00","No","01:23:41.49.5","1","0.0","21","12","33","01:22:18","01:23:41","346","646"
Hiking,2021-09-21 15:30:28,true,"Piatra Neamt Hiking","8.14","500","01:51:53","92","128","0.9","94","250","13:44","7:46","356","356","0.77","0.0","0.0","0","--","0","0","--","0.0","--","0","0","0.0","0.0","--","0","0","0","--","0:00","17.0","0:00","No","01:51:52.85","1","0.0","--","--","--","00:00:00","01:51:53","346","645"
Trail Running,2021-09-17 06:04:48,true,"Apuseni Ultra Race 180k ","158.04","12,108","30:07:20","110","156","5.0","102","247","11:26","4:39","6,670","6,004","0.86","0.0","0.0","0","--","0","0","--","0.0","--","0","0","0.0","0.0","--","0","0","0","--","0:00","11.0","0:00","No","00:25.12.8","159","0.0","27","11","49","25:55:36","30:07:27","663","1,853"
Trail Running,2021-09-11 09:56:58,true,"Maneciu Trail Running","34.05","2,747","05:24:55","130","172","4.4","116","250","9:32","4:58","1,565","1,540","0.90","0.0","0.0","0","--","0","0","--","0.0","--","0","0","0.0","0.0","--","0","0","0","--","0:00","18.0","0:00","No","00:24.53.5","35","0.0","--","--","--","00:00:00","05:24:55","886","1,494"
Trail Running,2021-09-09 17:06:48,true,"Piatra Neamt Trail Running","10.03","930","01:33:32","133","169","3.3","140","226","9:20","5:30","831","829","0.76","10.8","8.3","364","48.0% L / 52.0% R","0","0","--","0.0","--","0","0","0.0","0.0","--","0","0","0","--","0:00","21.0","0:00","No","00:16.36.7","11","0.0","33","18","48","00:00:00","01:33:32","346","641"
Trail Running,2021-09-08 16:33:46,true,"Piatra Neamt Trail Running","10.15","1,026","01:28:54","146","175","4.0","168","239","8:45","5:11","839","836","0.67","11.2","7.3","299","47.7% L / 52.3% R","0","0","--","0.0","--","0","0","0.0","0.0","--","0","0","0","--","0:00","22.0","0:00","No","00:59.73.8","11","0.0","37","18","47","01:28:12","01:28:54","339","626"
Trail Running,2021-09-07 17:55:23,true,"Piatra Neamt Trail Running","11.25","917","01:28:14","135","170","3.6","158","226","7:51","3:55","705","704","0.80","10.1","8.0","294","47.0% L / 53.0% R","0","0","--","0.0","--","0","0","0.0","0.0","--","0","0","0","--","0:00","19.0","0:00","No","01:34.96.2","12","0.0","33","14","57","01:26:00","01:28:14","339","635"
Trail Running,2021-09-06 17:16:46,true,"Piatra Neamt Trail Running","10.02","1,034","01:32:12","144","176","4.0","166","204","9:12","5:10","832","829","0.66","11.0","7.1","304","47.3% L / 52.7% R","0","0","--","0.0","--","0","0","0.0","0.0","--","0","0","0","--","0:00","20.0","0:00","No","00:10.40.9","11","0.0","36","19","49","01:30:53","01:32:12","346","644"
Trail Running,2021-09-05 12:12:01,true,"Piatra Neamt Trail Running","9.07","720","01:31:35","111","175","3.4","134","205","10:06","5:19","420","419","0.74","8.5","6.3","360","47.7% L / 52.3% R","0","0","--","0.0","--","0","0","0.0","0.0","--","0","0","0","--","0:00","17.0","0:00","No","01:03.11","10","0.0","24","11","44","01:28:42","01:31:35","346","649"
Hiking,2021-09-04 11:27:43,true,"Piatra Neamt Hiking","10.26","766","02:06:39","88","121","2.1","106","250","12:20","7:14","412","403","0.77","0.0","0.0","0","--","0","0","--","0.0","--","0","0","0.0","0.0","--","0","0","0","--","0:00","20.0","0:00","No","02:06:39.32.6","1","0.0","--","--","--","02:01:11","02:06:39","346","647"
Cycling,2021-09-03 16:49:10,true,"Piatra Neamt Cycling","34.76","732","01:47:13","111","152","2.2","0","0","19.5","45.0","556","404","0.00","0.0","0.0","0","--","0","0","--","0.0","--","0","0","0.0","0.0","--","0","0","0","--","0:00","19.0","0:00","No","12:03.17.4","7","0.0","25","11","39","01:43:22","01:57:30","329","736"
Hiking,2021-09-02 19:04:48,true,"Piatra Neamt Hiking","6.17","506","01:18:01","101","137","2.0","109","250","12:39","7:14","300","302","0.72","0.0","0.0","0","--","0","0","--","0.0","--","0","0","0.0","0.0","--","0","0","0","--","0:00","17.0","0:00","No","01:18:00.80.6","1","0.0","13","13","13","01:16:39","01:18:01","344","644"
Cycling,2021-08-30 16:43:51,true,"Piatra Neamt Cycling","27.28","576","01:30:02","112","161","2.5","0","0","18.2","43.8","462","505","0.00","0.0","0.0","0","--","0","0","--","0.0","--","0","0","0.0","0.0","--","0","0","0","--","0:00","23.0","0:00","No","07:25.25.7","6","0.0","26","12","53","01:25:11","01:33:26","308","520"
Trail Running,2021-08-29 11:19:31,true,"Piatra Neamt Trail Running","19.40","1,379","02:05:48","144","163","4.4","157","219","6:29","4:42","532","480","0.95","9.0","8.6","269","46.8% L / 53.3% R","0","0","--","0.0","--","0","0","0.0","0.0","--","0","0","0","--","0:00","17.0","0:00","No","02:03.67.7","20","0.0","35","18","44","02:02:58","02:05:48","330","677"
Trail Running,2021-08-28 12:19:59,true,"Piatra Neamt Trail Running","21.16","1,479","02:11:20","143","173","4.4","168","256","6:12","4:10","619","614","0.95","9.2","8.6","266","46.9% L / 53.1% R","0","0","--","0.0","--","0","0","0.0","0.0","--","0","0","0","--","0:00","17.0","0:00","No","00:39.81","22","0.0","36","14","49","02:07:21","02:11:20","330","664"
Trail Running,2021-08-27 19:16:38,true,"Piatra Neamt Trail Running","11.50","859","01:11:25","145","172","4.0","170","205","6:13","4:40","445","445","0.90","9.9","8.9","263","46.8% L / 53.2% R","0","0","--","0.0","--","0","0","0.0","0.0","--","0","0","0","--","0:00","20.0","0:00","No","02:43.86.5","12","0.0","35","19","45","01:11:14","01:11:25","332","642"
Open Water Swimming,2021-08-23 11:54:17,true,"Esperioi Open Water Swimming","334","62","00:15:28","97","129","0.4","0","0","4:38","0:59","--","--","0.00","0.0","0.0","0","--","0","0","--","0.0","--","0","0","0.0","0.0","237","87","16","0","--","0:00","24.0","0:00","No","15:27.80.7","1","0.0","--","16","16","00:06:42","00:38:24","--","--"
Trail Running,2021-08-22 03:59:31,true,"Esperioi Trail Running","26.01","1,882","02:50:34","141","166","4.3","170","194","6:33","4:29","1,117","350","0.89","9.5","8.6","267","46.3% L / 53.7% R","0","0","--","0.0","--","0","0","0.0","0.0","--","0","0","0","--","0:00","21.0","0:00","No","00:03.89.8","27","0.0","35","17","50","02:49:17","02:50:34","3","891"
Trail Running,2021-08-21 12:14:07,true,"Esperioi Trail Running","11.41","763","01:02:21","144","177","3.6","166","228","5:28","4:00","402","249","1.10","0.0","0.0","0","--","0","0","--","0.0","--","0","0","0.0","0.0","--","0","0","0","--","0:00","29.0","0:00","No","01:52.22.5","12","0.0","--","--","--","01:02:01","01:07:15","-10","180"
Trail Running,2021-08-20 09:03:03,true,"Esperioi Trail Running","9.03","599","00:45:01","149","165","3.7","173","207","4:59","3:29","147","263","1.16","0.0","0.0","0","--","0","0","--","0.0","--","0","0","0.0","0.0","--","0","0","0","--","0:00","26.0","0:00","No","00:04.88.7","10","0.0","--","--","--","00:44:52","00:45:01","5","158"
Trail Running,2021-08-19 09:25:15,true,"Esperioi Trail Running","12.27","768","01:03:53","141","162","3.6","172","256","5:12","4:11","194","312","1.12","8.3","9.5","246","48.0% L / 52.0% R","0","0","--","0.0","--","0","0","0.0","0.0","--","0","0","0","--","0:00","27.0","0:00","No","01:14.69.2","13","0.0","34","20","45","01:03:44","01:06:49","8","160"
Trail Running,2021-08-18 08:57:16,true,"Esperioi Trail Running","9.27","625","00:50:43","142","165","3.6","173","195","5:28","4:43","169","281","1.05","8.6","9.2","257","46.3% L / 53.7% R","0","0","--","0.0","--","0","0","0.0","0.0","--","0","0","0","--","0:00","28.0","0:00","No","01:26.31.6","10","0.0","33","20","41","00:50:41","00:50:46","13","138"
Trail Running,2021-08-17 09:18:01,true,"Esperioi Trail Running","9.09","683","00:55:55","144","162","3.8","158","213","6:09","4:21","254","345","1.01","10.2","9.9","296","47.7% L / 52.3% R","0","0","--","0.0","--","0","0","0.0","0.0","--","0","0","0","--","0:00","29.0","0:00","No","00:29.90.9","10","0.0","34","19","47","00:54:07","00:55:55","18","158"
Trail Running,2021-08-13 18:02:00,true,"Piatra Neamt Trail Running","20.04","1,242","01:51:16","143","159","4.0","176","228","5:33","4:11","404","398","1.01","8.7","8.8","250","46.3% L / 53.8% R","0","0","--","0.0","--","0","0","0.0","0.0","--","0","0","0","--","0:00","22.0","0:00","No","00:09.38.5","21","0.0","34","19","46","01:50:20","01:51:16","330","669"
Trail Running,2021-08-12 18:06:54,true,"Piatra Neamt Trail Running","13.28","920","01:24:20","142","171","3.9","164","248","6:21","3:50","511","504","0.92","9.2","8.4","266","46.5% L / 53.5% R","0","0","--","0.0","--","0","0","0.0","0.0","--","0","0","0","--","0:00","21.0","0:00","No","01:12.32","14","0.0","35","15","49","01:19:52","01:24:20","346","645"
Trail Running,2021-08-10 16:27:41,true,"Piatra Neamt Trail Running","14.08","1,258","01:50:15","147","176","4.5","146","256","7:50","4:13","777","775","0.86","10.1","8.6","348","47.9% L / 52.1% R","0","0","--","0.0","--","0","0","0.0","0.0","--","0","0","0","--","0:00","24.0","0:00","No","00:36.63","15","0.0","36","18","50","01:45:50","01:50:15","332","642"
Hiking,2021-08-09 18:13:23,true,"Piatra Neamt Hiking","7.15","559","01:33:52","93","138","2.0","101","244","13:08","8:51","318","315","0.75","0.0","0.0","0","--","0","0","--","0.0","--","0","0","0.0","0.0","--","0","0","0","--","0:00","25.0","0:00","No","01:33:52.45.5","1","0.0","--","--","--","01:29:22","01:33:52","339","627"
Cycling,2021-08-04 17:49:29,true,"Piatra Neamt Cycling","27.72","792","02:00:25","109","164","2.7","0","0","13.8","40.4","623","619","0.00","0.0","0.0","0","--","0","0","--","0.0","--","0","0","0.0","0.0","--","0","0","0","--","0:00","22.0","0:00","No","07:41.49.7","6","0.0","26","11","43","01:55:07","02:00:25","328","668"
Trail Running,2021-08-03 18:36:02,true,"Piatra Neamt Trail Running","10.86","759","01:16:41","136","176","3.6","162","256","7:04","4:54","486","481","0.86","9.6","8.2","288","47.3% L / 52.7% R","0","0","--","0.0","--","0","0","0.0","0.0","--","0","0","0","--","0:00","22.0","0:00","No","04:41.08.8","11","0.0","33","17","48","01:14:14","01:16:41","346","644"
Trail Running,2021-07-30 08:59:41,true,"Câmpulung Moldovenesc Trail Running","79.12","7,101","16:59:00","114","150","5.0","109","256","12:53","4:56","4,659","4,143","0.74","11.5","8.2","470","49.5% L / 50.5% R","0","0","--","0.0","--","0","0","0.0","0.0","--","0","0","0","--","0:00","19.0","0:00","No","00:30.85.8","81","0.0","26","10","41","14:44:16","16:59:00","649","1,771"
Running,2021-07-29 07:07:47,true,"Piatra Neamt Running","3.62","272","00:20:17","150","177","3.1","170","176","5:36","4:55","20","19","1.05","0.0","0.0","0","--","0","0","--","0.0","--","0","0","0.0","0.0","--","0","0","0","--","0:00","23.0","0:00","No","03:37.46.8","4","0.0","--","--","--","00:20:16","00:20:17","329","344"
Trail Running,2021-07-27 18:07:20,true,"Piatra Neamt Trail Running","9.03","640","01:31:26","98","137","2.3","126","202","10:08","5:09","378","369","0.78","9.6","7.5","416","48.6% L / 51.4% R","0","0","--","0.0","--","0","0","0.0","0.0","--","0","0","0","--","0:00","28.0","0:00","No","00:20.63.1","10","0.0","23","11","43","01:28:28","01:31:26","346","640"
Cycling,2021-07-26 17:26:20,true,"Piatra Neamt Cycling","17.22","574","01:20:05","112","151","2.6","0","0","12.9","30.2","483","476","0.00","0.0","0.0","0","--","0","0","--","0.0","--","0","0","0.0","0.0","--","0","0","0","--","0:00","23.0","0:00","No","07:28.54.6","4","0.0","25","11","38","01:17:31","01:20:05","329","672"
Trail Running,2021-07-24 10:35:13,true,"Piatra Neamt Trail Running","21.04","1,521","02:59:37","122","153","3.3","139","256","8:32","4:46","1,016","1,007","0.83","10.2","8.4","350","48.1% L / 51.9% R","0","0","--","0.0","--","0","0","0.0","0.0","--","0","0","0","--","0:00","22.0","0:00","No","00:15.13.1","22","0.0","29","13","41","02:54:02","02:59:37","327","665"
Trail Running,2021-07-22 18:20:55,true,"Piatra Neamt Trail Running","10.01","732","01:32:44","110","138","2.4","132","256","9:16","4:45","516","506","0.82","10.5","8.4","351","48.3% L / 51.7% R","0","0","--","0.0","--","0","0","0.0","0.0","--","0","0","0","--","0:00","20.0","0:00","No","00:02.26.9","11","0.0","26","11","44","01:23:20","01:32:44","327","664"
Trail Running,2021-07-21 17:39:11,true,"Piatra Neamt Trail Running","13.41","1,018","01:36:27","137","169","3.4","153","244","7:11","4:06","671","671","0.90","0.0","0.0","0","--","0","0","--","0.0","--","0","0","0.0","0.0","--","0","0","0","--","0:00","18.0","0:00","No","02:11.44.4","14","0.0","--","--","--","01:34:42","01:36:27","329","644"
Trail Running,2021-07-20 17:47:53,true,"Piatra Neamt Trail Running","12.51","848","01:30:22","127","163","3.0","151","256","7:13","3:50","620","609","0.88","10.1","8.6","312","47.2% L / 52.8% R","0","0","--","0.0","--","0","0","0.0","0.0","--","0","0","0","--","0:00","21.0","0:00","No","02:22.39.7","13","0.0","31","13","44","01:27:45","01:30:22","329","645"
Trail Running,2021-07-18 10:32:14,true,"Piatra Neamt Trail Running","20.25","1,493","02:55:29","121","153","3.2","134","256","8:40","3:47","1,042","1,026","0.84","10.3","8.5","350","48.0% L / 52.0% R","0","0","--","0.0","--","0","0","0.0","0.0","--","0","0","0","--","0:00","27.0","0:00","No","01:20.72.4","21","0.0","29","11","44","02:49:40","02:55:29","346","804"
Trail Running,2021-07-17 09:19:39,true,"Piatra Neamt Trail Running","24.86","1,861","03:38:30","122","153","3.6","137","256","8:47","4:46","1,275","1,279","0.81","10.2","8.1","344","48.0% L / 52.0% R","0","0","--","0.0","--","0","0","0.0","0.0","--","0","0","0","--","0:00","23.0","0:00","No","05:04.23","25","0.0","30","16","42","03:31:32","03:38:30","327","646"
Trail Running,2021-07-15 19:04:45,true,"Piatra Neamt Trail Running","15.89","1,155","02:16:53","119","142","3.0","135","206","8:37","4:49","920","910","0.82","10.4","8.5","316","47.9% L / 52.1% R","0","0","--","0.0","--","0","0","0.0","0.0","--","0","0","0","--","0:00","24.0","0:00","No","04:55.16.4","16","0.0","29","17","41","02:13:05","02:16:53","346","644"
Hiking,2021-07-14 19:18:37,true,"Piatra Neamt Hiking","6.60","504","01:22:55","85","108","1.8","104","246","12:34","1:08","303","295","0.76","0.0","0.0","0","--","0","0","--","0.0","--","0","0","0.0","0.0","--","0","0","0","--","0:00","26.0","0:00","No","01:22:55.34.9","1","0.0","21","11","35","01:22:17","01:22:55","346","640"
Trail Running,2021-07-14 13:29:51,true,"Piatra Neamt Trail Running","10.36","914","01:39:08","126","175","3.2","141","248","9:34","4:00","736","728","0.74","9.9","7.3","343","48.6% L / 51.4% R","0","0","--","0.0","--","0","0","0.0","0.0","--","0","0","0","--","0:00","28.0","0:00","No","01:53.51","11","0.0","31","19","46","01:34:44","01:39:08","339","628"
Cycling,2021-07-13 13:33:54,true,"Piatra Neamt Cycling","41.06","873","02:05:49","115","168","3.4","0","0","19.6","40.2","611","606","0.00","0.0","0.0","0","--","0","0","--","0.0","--","0","0","0.0","0.0","--","0","0","0","--","0:00","28.0","0:00","No","03:26.79.4","9","0.0","28","11","53","01:51:20","02:05:57","329","730"
Hiking,2021-07-11 10:37:32,true,"Piatra Neamt Hiking","21.10","1,566","04:48:50","83","129","2.5","98","249","13:41","7:19","716","712","0.74","0.0","0.0","0","--","0","0","--","0.0","--","0","0","0.0","0.0","--","0","0","0","--","0:00","27.0","0:00","No","04:48:49.56.6","1","0.0","21","13","32","04:22:10","04:48:50","330","766"
Ultra Running,2021-07-10 09:29:20,true,"Piatra Neamt Ultra Running","51.06","3,777","07:53:03","124","155","4.5","132","256","9:16","4:54","2,286","2,271","0.81","9.9","7.9","347","48.6% L / 51.4% R","0","0","--","0.0","--","0","0","0.0","0.0","--","0","0","0","--","0:00","24.0","0:00","No","00:19.80.9","52","0.0","30","10","46","07:17:17","07:53:03","335","646"
Hiking,2021-07-09 18:48:07,true,"Piatra Neamt Hiking","6.87","534","01:39:10","79","105","1.4","89","247","14:26","8:48","316","312","0.78","0.0","0.0","0","--","0","0","--","0.0","--","0","0","0.0","0.0","--","0","0","0","--","0:00","27.0","0:00","No","01:39:10.14.9","1","0.0","19","10","30","01:27:40","01:39:10","339","624"
Trail Running,2021-07-08 17:31:02,true,"Piatra Neamt Trail Running","18.03","1,386","02:41:07","125","168","3.2","132","256","8:56","5:01","1,109","1,101","0.82","10.6","8.6","348","47.9% L / 52.1% R","0","0","--","0.0","--","0","0","0.0","0.0","--","0","0","0","--","0:00","25.0","0:00","No","00:07.70.3","19","0.0","30","19","46","02:37:45","02:41:07","346","637"
Trail Running,2021-07-07 18:58:06,true,"Piatra Neamt Trail Running","14.85","1,167","01:59:46","135","174","3.9","151","250","8:04","4:25","788","791","0.80","10.8","8.3","316","47.2% L / 52.8% R","0","0","--","0.0","--","0","0","0.0","0.0","--","0","0","0","--","0:00","24.0","0:00","No","04:42.54","15","0.0","33","14","49","01:55:15","01:59:46","326","670"
Cycling,2021-07-06 18:53:44,true,"Piatra Neamt Cycling","22.25","642","01:35:45","110","163","2.7","0","0","13.9","35.2","550","545","0.00","0.0","0.0","0","--","0","0","--","0.0","--","0","0","0.0","0.0","--","0","0","0","--","0:00","23.0","0:00","No","07:20.23.6","5","0.0","26","11","46","01:34:25","01:35:45","330","670"
Trail Running,2021-07-04 11:35:44,true,"Piatra Neamt Trail Running","12.23","895","01:50:47","117","140","2.6","130","230","9:03","4:34","898","896","0.82","10.9","8.8","343","47.5% L / 52.5% R","0","0","--","0.0","--","0","0","0.0","0.0","--","0","0","0","--","0:00","19.0","0:00","No","01:16.59.1","13","0.0","29","18","42","01:49:36","01:50:47","346","638"
Trail Running,2021-07-03 11:05:45,true,"Piatra Neamt Trail Running","19.37","1,487","02:29:52","132","177","4.3","148","256","7:44","3:28","1,048","1,030","0.84","9.8","8.1","318","47.3% L / 52.7% R","0","0","--","0.0","--","0","0","0.0","0.0","--","0","0","0","--","0:00","17.0","0:00","No","02:10.80.9","20","0.0","32","17","49","02:26:12","02:35:26","346","640"
Hiking,2021-07-02 18:11:38,true,"Piatra Neamt Hiking","6.04","473","01:20:39","79","102","1.5","103","250","13:21","9:18","297","294","0.72","0.0","0.0","0","--","0","0","--","0.0","--","0","0","0.0","0.0","--","0","0","0","--","0:00","21.0","0:00","No","01:20:38.54.1","1","0.0","19","11","31","01:18:54","01:20:39","346","642"
Cycling,2021-07-01 18:42:30,true,"Piatra Neamt Cycling","17.27","601","01:25:11","115","161","3.2","0","0","12.2","31.8","485","476","0.00","0.0","0.0","0","--","0","0","--","0.0","--","0","0","0.0","0.0","--","0","0","0","--","0:00","23.0","0:00","No","06:38.25.9","4","0.0","27","11","49","01:21:30","01:25:11","330","668"
Trail Running,2021-06-30 19:15:31,true,"Piatra Neamt Trail Running","11.95","900","01:43:10","121","173","3.3","142","248","8:38","3:15","531","530","0.81","9.2","7.4","350","47.7% L / 52.3% R","0","0","--","0.0","--","0","0","0.0","0.0","--","0","0","0","--","0:00","20.0","0:00","No","06:14.01.9","12","0.0","28","12","45","01:40:13","01:45:17","346","645"
Running,2021-06-26 10:00:44,true,"Amsterdam Running","42.21","2,269","04:02:42","140","152","4.1","168","256","5:45","4:52","515","517","1.03","8.7","9.2","254","47.2% L / 52.8% R","0","0","--","0.0","--","0","0","0.0","0.0","--","0","0","0","--","0:00","21.0","0:00","No","01:12.56.9","43","0.0","34","21","45","03:55:31","04:02:42","-22","21"
Cycling,2021-06-24 10:54:39,true,"Amsterdam Cycling","50.78","818","02:38:11","97","150","1.3","0","0","19.3","40.3","126","125","0.00","0.0","0.0","0","--","0","0","--","0.0","--","0","0","0.0","0.0","--","0","0","0","--","0:00","20.0","0:00","No","02:16.95.8","11","0.0","25","11","41","02:11:40","02:38:11","-3","13"
Cycling,2021-06-23 16:09:35,true,"Amsterdam Cycling","20.28","426","00:51:30","116","154","2.0","0","0","23.6","36.1","38","49","0.00","0.0","0.0","0","--","0","0","--","0.0","--","0","0","0.0","0.0","--","0","0","0","--","0:00","18.0","0:00","No","02:30.12.1","5","0.0","29","16","39","00:49:34","00:51:30","-7","5"
Running,2021-06-23 14:39:46,true,"Amsterdam Running","13.51","868","01:15:58","140","172","3.4","171","216","5:37","2:50","66","66","1.03","8.1","8.5","237","47.2% L / 52.8% R","0","0","--","0.0","--","0","0","0.0","0.0","--","0","0","0","--","0:00","17.0","0:00","No","02:59.94","14","0.0","36","19","47","01:15:27","01:15:58","-1","4"
Cycling,2021-06-21 11:46:32,true,"Piatra Neamt Cycling","12.07","558","01:28:30","107","156","2.8","0","0","8.2","23.7","452","452","0.00","0.0","0.0","0","--","0","0","--","0.0","--","0","0","0.0","0.0","--","0","0","0","--","0:00","21.0","0:00","No","13:46.02.8","3","0.0","26","13","43","01:19:56","01:28:30","328","643"
Hiking,2021-06-20 16:18:39,true,"Piatra Neamt Hiking","6.73","537","01:40:27","83","106","1.3","92","250","14:55","7:21","321","319","0.73","0.0","0.0","0","--","0","0","--","0.0","--","0","0","0.0","0.0","--","0","0","0","--","0:00","24.0","0:00","No","01:40:27.23.8","1","0.0","20","11","33","01:29:17","01:40:27","339","630"
Trail Running,2021-06-19 10:05:47,true,"Piatra Neamt Trail Running","50.02","3,719","06:18:18","141","172","5.0","146","256","7:34","4:25","2,616","2,604","0.87","10.2","8.7","327","47.5% L / 52.5% R","0","0","--","0.0","--","0","0","0.0","0.0","--","0","0","0","--","0:00","18.0","0:00","No","00:06.74.8","51","0.0","35","15","50","06:02:33","06:18:22","327","649"
Trail Running,2021-06-17 16:51:31,true,"Piatra Neamt Trail Running","15.37","1,128","02:05:53","122","161","3.2","140","248","8:12","4:46","842","882","0.84","10.6","8.7","348","48.0% L / 52.0% R","0","0","--","0.0","--","0","0","0.0","0.0","--","0","0","0","--","0:00","22.0","0:00","No","01:59.06.8","16","0.0","30","14","43","02:03:20","02:07:55","306","638"
Trail Running,2021-06-16 18:13:40,true,"Piatra Neamt Trail Running","13.84","943","01:35:40","132","174","3.8","161","256","6:55","3:41","534","535","0.89","9.3","8.3","288","46.8% L / 53.2% R","0","0","--","0.0","--","0","0","0.0","0.0","--","0","0","0","--","0:00","20.0","0:00","No","04:43.38.8","14","0.0","32","12","46","01:33:11","01:39:40","326","637"
Cycling,2021-06-15 16:31:27,true,"Piatra Neamt Cycling","19.30","681","01:39:47","111","162","2.9","0","0","11.6","31.1","581","574","0.00","0.0","0.0","0","--","0","0","--","0.0","--","0","0","0.0","0.0","--","0","0","0","--","0:00","19.0","0:00","No","14:49.15.1","4","0.0","25","11","42","01:36:45","01:39:47","330","677"
Trail Running,2021-06-13 13:50:52,true,"Piatra Neamt Trail Running","29.02","2,112","03:57:27","117","163","3.7","141","233","8:11","4:31","1,526","1,567","0.85","9.6","8.1","336","48.2% L / 51.8% R","0","0","--","0.0","--","0","0","0.0","0.0","--","0","0","0","--","0:00","16.0","0:00","No","00:05.32.2","30","0.0","28","17","45","03:52:20","03:57:31","305","653"
Trail Running,2021-06-11 15:12:45,true,"Piatra Neamt Trail Running","19.14","1,463","02:43:46","123","167","3.5","139","224","8:33","4:58","1,169","1,166","0.81","10.5","8.3","351","48.5% L / 51.5% R","0","0","--","0.0","--","0","0","0.0","0.0","--","0","0","0","--","0:00","20.0","0:00","No","00:46.30.7","20","0.0","30","17","50","02:39:18","02:49:40","346","653"
Trail Running,2021-06-10 17:28:34,true,"Piatra Neamt Trail Running","12.46","791","01:33:43","116","139","2.5","153","256","7:31","4:47","606","601","0.84","10.1","8.2","327","46.9% L / 53.1% R","0","0","--","0.0","--","0","0","0.0","0.0","--","0","0","0","--","0:00","19.0","0:00","No","02:29.17.9","13","0.0","29","15","40","01:32:48","01:33:43","328","642"
Trail Running,2021-06-09 18:24:18,true,"Piatra Neamt Trail Running","10.04","814","01:18:59","134","161","3.1","145","218","7:52","4:44","631","628","0.85","9.8","8.2","311","47.4% L / 52.6% R","0","0","--","0.0","--","0","0","0.0","0.0","--","0","0","0","--","0:00","20.0","0:00","No","00:13.17.7","11","0.0","34","22","45","01:18:31","01:18:59","346","641"
Trail Running,2021-06-09 15:43:27,true,"Piatra Neamt Trail Running","20.04","1,179","02:06:01","129","145","3.2","165","207","6:17","4:18","461","455","0.96","8.3","8.0","291","47.6% L / 52.4% R","0","0","--","0.0","--","0","0","0.0","0.0","--","0","0","0","--","0:00","21.0","0:00","No","00:12.68.2","21","0.0","34","19","46","02:03:25","02:06:01","330","672"
Cycling,2021-06-08 16:56:11,true,"Piatra Neamt Cycling","41.28","605","01:41:31","105","145","1.9","0","0","24.4","39.9","386","384","0.00","0.0","0.0","0","--","0","0","--","0.0","--","0","0","0.0","0.0","--","0","0","0","--","0:00","18.0","0:00","No","03:30.35.2","9","0.0","25","13","39","01:41:03","01:41:31","330","397"
Trail Running,2021-06-06 08:41:46,true,"Piatra Neamt Trail Running","18.15","1,371","02:38:33","123","159","3.2","136","256","8:44","2:46","1,187","1,185","0.83","10.2","8.2","358","48.3% L / 51.7% R","0","0","--","0.0","--","0","0","0.0","0.0","--","0","0","0","--","0:00","17.0","0:00","No","00:47.01.6","19","0.0","30","15","41","02:33:28","02:38:33","346","642"
Trail Running,2021-06-05 10:12:22,true,"Tasca Trail Running","31.19","1,902","03:47:03","125","144","3.4","146","256","7:17","4:40","863","880","0.91","9.4","8.4","313","48.3% L / 51.7% R","0","0","--","0.0","--","0","0","0.0","0.0","--","0","0","0","--","0:00","16.0","0:00","No","01:18.30.4","32","0.0","31","13","52","03:37:04","03:47:03","535","1,355"
Cycling,2021-06-03 16:34:13,true,"Piatra Neamt Cycling","39.21","983","02:28:21","109","150","2.6","0","0","15.9","38.8","861","903","0.00","0.0","0.0","0","--","0","0","--","0.0","--","0","0","0.0","0.0","--","0","0","0","--","0:00","18.0","0:00","No","10:55.97.3","8","0.0","26","12","41","02:20:54","02:28:21","301","643"
Trail Running,2021-06-02 18:18:04,true,"Piatra Neamt Trail Running","13.03","854","01:22:05","134","167","3.3","169","227","6:18","3:22","515","519","0.91","9.1","8.2","268","46.0% L / 54.0% R","0","0","--","0.0","--","0","0","0.0","0.0","--","0","0","0","--","0:00","12.0","0:00","No","00:09.29.1","14","0.0","33","16","44","01:21:14","01:22:05","341","645"
Trail Running,2021-06-01 13:15:52,true,"Piatra Neamt Trail Running","16.15","1,261","02:07:57","135","163","3.7","145","214","7:55","4:38","1,159","1,158","0.83","10.1","8.3","362","48.3% L / 51.7% R","0","0","--","0.0","--","0","0","0.0","0.0","--","0","0","0","--","0:00","14.0","0:00","No","00:49.54.4","17","0.0","35","15","48","02:06:08","02:07:57","347","642"
Hiking,2021-05-30 10:34:05,true,"Tasca Hiking","15.03","1,314","04:18:08","85","152","1.7","81","248","17:10","7:16","884","889","0.71","0.0","0.0","0","--","0","0","--","0.0","--","0","0","0.0","0.0","--","0","0","0","--","0:00","15.0","0:00","No","04:18:07.54.2","1","0.0","21","12","34","03:25:08","04:18:08","629","1,356"
Trail Running,2021-05-29 10:13:21,true,"Piatra Neamt Trail Running","27.03","2,052","03:30:03","142","167","4.5","143","256","7:46","4:27","1,773","1,812","0.88","10.3","8.8","364","47.7% L / 52.3% R","0","0","--","0.0","--","0","0","0.0","0.0","--","0","0","0","--","0:00","20.0","0:00","No","00:09.04.1","28","0.0","35","19","46","03:26:45","03:30:03","300","637"
Trail Running,2021-05-27 18:13:05,true,"Piatra Neamt Trail Running","12.21","841","01:22:35","136","157","3.3","160","255","6:46","3:27","627","622","0.87","9.9","8.3","312","47.7% L / 52.3% R","0","0","--","0.0","--","0","0","0.0","0.0","--","0","0","0","--","0:00","20.0","0:00","No","01:00.79.9","13","0.0","33","13","41","01:22:26","01:22:35","346","646"
Trail Running,2021-05-26 18:25:12,true,"Piatra Neamt Trail Running","13.09","857","01:26:41","131","165","3.1","165","233","6:37","3:13","550","545","0.90","9.3","8.0","289","47.0% L / 53.0% R","0","0","--","0.0","--","0","0","0.0","0.0","--","0","0","0","--","0:00","16.0","0:00","No","00:24.64.8","14","0.0","32","21","44","01:26:02","01:26:41","346","647"
Cycling,2021-05-25 16:48:24,true,"Piatra Neamt Cycling","20.76","723","01:37:47","116","166","3.2","0","0","12.7","32.0","618","608","0.00","0.0","0.0","0","--","0","0","--","0.0","--","0","0","0.0","0.0","--","0","0","0","--","0:00","22.0","0:00","No","04:13.46.4","5","0.0","28","12","52","01:32:04","01:37:47","326","647"
Hiking,2021-05-23 10:17:05,true,"Gârcina Hiking","19.95","1,645","05:15:06","85","119","2.1","79","180","15:48","6:30","795","783","0.80","0.0","0.0","0","--","0","0","--","0.0","--","0","0","0.0","0.0","--","0","0","0","--","0:00","21.0","0:00","No","05:15:06.43.7","1","0.0","21","12","33","03:55:29","05:15:06","557","1,066"
Cycling,2021-05-23 09:08:42,true,"Piatra Neamt Cycling","19.25","474","01:01:02","114","138","2.0","0","0","18.9","32.0","378","110","0.00","0.0","0.0","0","--","0","0","--","0.0","--","0","0","0.0","0.0","--","0","0","0","--","0:00","20.0","0:00","No","12:06.11.1","4","0.0","28","15","38","00:59:25","01:02:41","289","559"
Trail Running,2021-05-22 09:46:11,true,"Piatra Neamt Trail Running","23.01","1,723","02:55:43","137","167","4.3","153","256","7:38","4:37","1,298","1,336","0.83","9.9","8.1","332","48.2% L / 51.8% R","0","0","--","0.0","--","0","0","0.0","0.0","--","0","0","0","--","0:00","17.0","0:00","No","00:52.26.4","24","0.0","34","18","50","02:52:02","02:55:43","307","675"
Cycling,2021-05-20 15:26:23,true,"Piatra Neamt Cycling","42.24","1,083","02:45:27","110","151","2.4","0","0","15.3","39.3","1,075","1,078","0.00","0.0","0.0","0","--","0","0","--","0.0","--","0","0","0.0","0.0","--","0","0","0","--","0:00","16.0","0:00","No","09:50.64.5","9","0.0","26","11","48","02:43:40","02:51:58","324","648"
Trail Running,2021-05-19 18:17:28,true,"Piatra Neamt Trail Running","13.05","884","01:25:23","135","171","3.4","168","256","6:33","3:19","588","586","0.91","9.1","7.9","289","47.4% L / 52.6% R","0","0","--","0.0","--","0","0","0.0","0.0","--","0","0","0","--","0:00","16.0","0:00","No","00:13.92.8","14","0.0","32","18","45","01:23:35","01:25:23","346","644"
Cycling,2021-05-18 17:19:28,true,"Piatra Neamt Cycling","27.03","712","01:32:12","114","148","2.6","0","0","17.6","39.2","652","655","0.00","0.0","0.0","0","--","0","0","--","0.0","--","0","0","0.0","0.0","--","0","0","0","--","0:00","17.0","0:00","No","06:38.06.3","6","0.0","28","11","43","01:31:36","01:35:39","323","641"
Hiking,2021-05-17 18:35:46,true,"Piatra Neamt Hiking","6.01","476","01:19:30","78","102","1.5","104","244","13:14","8:48","290","289","0.73","0.0","0.0","0","--","0","0","--","0.0","--","0","0","0.0","0.0","--","0","0","0","--","0:00","23.0","0:00","No","01:19:29.63.7","1","0.0","20","11","33","01:15:08","01:19:30","346","637"
Hiking,2021-05-16 10:24:27,true,"Alexandru cel Bun Hiking","15.71","1,294","03:51:21","86","125","2.1","89","249","14:43","8:28","762","750","0.76","0.0","0.0","0","--","0","0","--","0.0","--","0","0","0.0","0.0","--","0","0","0","--","0:00","19.0","0:00","No","03:51:21.24.8","1","0.0","21","11","34","03:13:05","03:51:21","538","1,014"
Cycling,2021-05-16 09:06:08,true,"Piatra Neamt Cycling","20.48","698","00:58:34","138","164","3.5","0","0","21.0","40.4","519","146","0.00","0.0","0.0","0","--","0","0","--","0.0","--","0","0","0.0","0.0","--","0","0","0","--","0:00","17.0","0:00","No","02:20.53.5","5","0.0","36","13","49","00:57:12","01:00:45","329","740"
Trail Running,2021-05-15 10:09:14,true,"Piatra Neamt Trail Running","21.21","1,478","02:37:57","135","170","3.8","148","226","7:27","4:33","1,146","1,135","0.87","10.5","8.8","347","48.1% L / 51.9% R","0","0","--","0.0","--","0","0","0.0","0.0","--","0","0","0","--","0:00","18.0","0:00","No","01:02.89.6","22","0.0","33","19","45","02:37:41","02:37:57","346","652"
Trail Running,2021-05-13 18:35:53,true,"Piatra Neamt Trail Running","11.01","744","01:06:49","138","167","3.4","178","218","6:04","4:28","400","396","0.90","9.2","8.0","271","46.3% L / 53.7% R","0","0","--","0.0","--","0","0","0.0","0.0","--","0","0","0","--","0:00","18.0","0:00","No","00:02.31.5","12","0.0","36","19","51","01:06:13","01:06:49","330","655"
Cycling,2021-05-12 13:26:39,true,"Piatra Neamt Cycling","15.07","569","01:20:08","111","166","3.1","0","0","11.3","25.9","563","557","0.00","0.0","0.0","0","--","0","0","--","0.0","--","0","0","0.0","0.0","--","0","0","0","--","0:00","19.0","0:00","No","00:28.87.1","4","0.0","28","12","51","01:17:38","01:22:34","329","645"
Trail Running,2021-05-11 18:35:10,true,"Piatra Neamt Trail Running","10.63","718","01:04:36","139","168","3.5","182","214","6:05","4:32","380","375","0.88","8.3","7.3","264","47.1% L / 52.9% R","0","0","--","0.0","--","0","0","0.0","0.0","--","0","0","0","--","0:00","20.0","0:00","No","03:04.85.6","11","0.0","36","17","45","01:04:25","01:04:36","329","642"
Hiking,2021-05-10 18:14:48,true,"Piatra Neamt Hiking","7.13","551","01:34:31","90","121","1.9","106","250","13:15","8:48","327","327","0.71","0.0","0.0","0","--","0","0","--","0.0","--","0","0","0.0","0.0","--","0","0","0","--","0:00","20.0","0:00","No","01:34:30.54.8","1","0.0","--","--","--","01:33:43","01:34:31","338","634"
Trail Running,2021-05-09 09:21:23,true,"Piatra Neamt Trail Running","32.01","2,072","03:34:05","137","161","4.6","157","256","6:41","4:14","872","873","0.93","8.9","8.1","291","47.0% L / 53.0% R","0","0","--","0.0","--","0","0","0.0","0.0","--","0","0","0","--","0:00","15.0","0:00","No","00:25.91.2","33","0.0","33","11","47","03:22:20","03:40:09","330","676"
Hiking,2021-05-08 12:12:47,true,"Piatra Neamt Hiking","8.03","676","02:13:23","78","115","1.4","88","239","16:37","8:53","473","472","0.68","0.0","0.0","0","--","0","0","--","0.0","--","0","0","0.0","0.0","--","0","0","0","--","0:00","14.0","0:00","No","02:13:23.40.9","1","0.0","19","11","30","01:53:28","02:13:23","329","786"
Hiking,2021-05-07 18:01:05,true,"Piatra Neamt Hiking","5.58","494","01:33:25","89","130","1.0","86","241","16:44","9:27","335","342","0.70","0.0","0.0","0","--","0","0","--","0.0","--","0","0","0.0","0.0","--","0","0","0","--","0:00","21.0","0:00","No","01:33:25.49.2","1","0.0","--","--","--","01:16:07","01:33:25","336","633"
Trail Running,2021-05-06 17:16:58,true,"Piatra Neamt Trail Running","14.01","979","01:44:24","129","150","3.2","155","256","7:27","4:21","847","842","0.84","10.5","8.6","338","47.7% L / 52.3% R","0","0","--","0.0","--","0","0","0.0","0.0","--","0","0","0","--","0:00","15.0","0:00","No","00:03.74.9","15","0.0","30","14","41","01:44:04","01:44:24","345","813"
Trail Running,2021-05-05 17:30:20,true,"Piatra Neamt Trail Running","10.31","748","01:15:02","134","164","3.1","157","224","7:17","3:50","622","620","0.85","9.2","7.6","299","47.0% L / 53.0% R","0","0","--","0.0","--","0","0","0.0","0.0","--","0","0","0","--","0:00","18.0","0:00","No","01:23.31.3","11","0.0","32","14","41","01:14:32","01:15:02","346","643"
Cycling,2021-05-04 16:39:49,true,"Piatra Neamt Cycling","21.58","671","01:52:22","105","160","2.7","0","0","11.5","29.3","523","515","0.00","0.0","0.0","0","--","0","0","--","0.0","--","0","0","0.0","0.0","--","0","0","0","--","0:00","21.0","0:00","No","04:48.25.6","5","0.0","23","11","43","01:41:24","01:52:22","329","679"
Trail Running,2021-05-02 09:24:10,true,"Bicaz Trail Running","30.04","2,490","04:07:00","145","168","5.0","145","256","8:13","4:10","1,551","1,541","0.82","11.4","8.9","356","47.9% L / 52.1% R","0","0","--","0.0","--","0","0","0.0","0.0","--","0","0","0","--","0:00","14.0","0:00","No","00:11.01.9","31","0.0","36","22","50","03:59:29","04:07:01","814","1,901"
Trail Running,2021-04-30 17:30:59,true,"Piatra Neamt Trail Running","11.06","894","01:28:58","135","169","3.6","153","256","8:03","4:58","683","685","0.81","9.9","8.0","319","47.1% L / 52.9% R","0","0","--","0.0","--","0","0","0.0","0.0","--","0","0","0","--","0:00","21.0","0:00","No","00:19.08.3","12","0.0","34","17","49","01:23:29","01:28:58","342","634"
Cycling,2021-04-29 16:55:41,true,"Piatra Neamt Cycling","17.16","737","01:28:46","124","168","3.4","0","0","11.6","23.3","697","691","0.00","0.0","0.0","0","--","0","0","--","0.0","--","0","0","0.0","0.0","--","0","0","0","--","0:00","17.0","0:00","No","07:41.50.7","4","0.0","30","10","51","01:27:04","01:28:46","327","653"
Hiking,2021-04-28 17:12:28,true,"Piatra Neamt Hiking","7.15","585","01:28:05","105","147","2.1","110","250","12:19","5:48","343","342","0.74","0.0","0.0","0","--","0","0","--","0.0","--","0","0","0.0","0.0","--","0","0","0","--","0:00","10.0","0:00","No","01:28:04.50.9","1","0.0","19","19","19","01:25:18","01:28:05","346","652"
Trail Running,2021-04-27 16:57:01,true,"Piatra Neamt Trail Running","12.38","1,049","01:39:27","141","173","4.0","165","248","8:02","3:07","924","929","0.74","10.0","7.3","291","47.5% L / 52.5% R","0","0","--","0.0","--","0","0","0.0","0.0","--","0","0","0","--","0:00","9.0","0:00","No","02:12.75.7","13","0.0","35","19","50","01:38:59","01:39:27","340","651"
Strength Training,2021-04-27 13:02:19,true,"Strength","0.00","24","00:02:58.9","111","135","0.3","0","0","--","--","--","--","0.00","0.0","0.0","0","--","0","0","--","0.0","--","0","0","0.0","0.0","--","0","0","37","1","0:00","26.0","0:00","No","02:58.85","1","0.0","14","14","14","00:02:58.9","00:02:58.9","--","--"
Trail Running,2021-04-26 16:38:45,true,"Piatra Neamt Trail Running","11.41","759","01:15:02","133","164","3.1","161","218","6:34","3:19","480","475","0.91","9.5","8.6","304","47.2% L / 52.8% R","0","0","--","0.0","--","0","0","0.0","0.0","--","0","0","0","--","0:00","11.0","0:00","No","02:08.14.3","12","0.0","32","15","42","01:14:41","01:15:02","346","666"
Hiking,2021-04-25 14:30:09,true,"Piatra Neamt Hiking","6.47","518","01:32:44","98","126","1.6","90","250","14:20","8:09","347","343","0.78","0.0","0.0","0","--","0","0","--","0.0","--","0","0","0.0","0.0","--","0","0","0","--","0:00","18.0","0:00","No","01:32:44.09.4","1","0.0","--","--","--","01:26:01","01:32:44","345","643"
Strength Training,2021-04-25 12:57:17,true,"Strength","0.00","22","00:03:02.2","104","122","0.2","0","0","--","--","--","--","0.00","0.0","0.0","0","--","0","0","--","0.0","--","0","0","0.0","0.0","--","0","0","31","1","0:00","27.0","0:00","No","03:02.19.9","1","0.0","--","--","--","00:03:02.2","00:03:02.2","--","--"
Trail Running,2021-04-24 16:41:08,true,"Piatra Neamt Trail Running","13.89","931","01:36:45","131","160","3.1","156","223","6:58","2:40","639","634","0.90","9.5","8.2","307","47.3% L / 52.7% R","0","0","--","0.0","--","0","0","0.0","0.0","--","0","0","0","--","0:00","12.0","0:00","No","04:36.64.8","14","0.0","31","17","41","01:34:07","01:36:45","329","650"
Hiking,2021-04-23 17:17:28,true,"Piatra Neamt Hiking","7.18","553","01:30:10","86","110","2.0","110","250","12:33","6:13","338","335","0.73","0.0","0.0","0","--","0","0","--","0.0","--","0","0","0.0","0.0","--","0","0","0","--","0:00","14.0","0:00","No","01:30:10.12.8","1","0.0","23","15","32","01:29:25","01:30:10","346","649"
Trail Running,2021-04-22 15:48:46,true,"Piatra Neamt Trail Running","16.47","1,167","01:45:30","145","174","4.5","168","212","6:24","4:01","695","700","0.91","9.3","8.3","273","46.6% L / 53.4% R","0","0","--","0.0","--","0","0","0.0","0.0","--","0","0","0","--","0:00","19.0","0:00","No","02:34.21.2","17","0.0","36","19","49","01:45:04","01:45:30","329","644"
Hiking,2021-04-21 18:12:37,true,"Piatra Neamt Hiking","6.44","504","01:21:36","99","125","1.9","106","246","12:40","6:57","307","303","0.74","0.0","0.0","0","--","0","0","--","0.0","--","0","0","0.0","0.0","--","0","0","0","--","0:00","16.0","0:00","No","01:21:36.06.5","1","0.0","--","--","--","01:20:51","01:21:36","346","649"
Trail Running,2021-04-20 14:33:46,true,"Piatra Neamt Trail Running","15.13","993","01:28:01","144","170","4.0","171","208","5:49","4:25","526","524","0.97","8.8","8.7","265","46.5% L / 53.5% R","0","0","--","0.0","--","0","0","0.0","0.0","--","0","0","0","--","0:00","14.0","0:00","No","00:33.80.7","16","0.0","35","16","47","01:27:52","01:28:01","331","667"
Hiking,2021-04-19 17:32:29,true,"Piatra Neamt Hiking","6.05","409","01:15:03","96","122","1.2","102","244","12:25","8:43","124","119","0.79","0.0","0.0","0","--","0","0","--","0.0","--","0","0","0.0","0.0","--","0","0","0","--","0:00","14.0","0:00","No","01:15:02.54.4","1","0.0","--","--","--","01:11:39","01:15:03","343","460"
Trail Running,2021-04-18 11:14:27,true,"Piatra Neamt Trail Running","5.20","410","00:39:43","127","165","2.9","154","204","7:38","5:12","340","335","0.83","10.5","8.7","335","47.1% L / 52.9% R","0","0","--","0.0","--","0","0","0.0","0.0","--","0","0","0","--","0:00","13.0","0:00","No","01:15.40.3","6","0.0","33","18","47","00:39:24","00:40:32","339","636"
Trail Running,2021-04-17 07:36:04,true,"Piatra Neamt Trail Running","30.06","1,756","02:57:44","141","166","4.2","167","222","5:55","0:54","689","693","0.99","8.8","8.8","266","47.4% L / 52.6% R","0","0","--","0.0","--","0","0","0.0","0.0","--","0","0","0","--","0:00","10.0","0:00","No","00:15.34.2","31","0.0","33","17","49","02:57:37","02:57:44","326","713"
Cycling,2021-04-16 17:30:15,true,"Piatra Neamt Cycling","21.06","690","01:27:56","119","161","3.1","0","0","14.4","30.0","598","598","0.00","0.0","0.0","0","--","0","0","--","0.0","--","0","0","0.0","0.0","--","0","0","0","--","0:00","13.0","0:00","No","02:42.80.2","5","0.0","28","11","46","01:27:39","01:29:30","316","641"
Hiking,2021-04-15 15:04:19,true,"Piatra Neamt Hiking","7.22","566","01:33:21","87","110","2.0","110","250","12:55","7:14","340","333","0.70","0.0","0.0","0","--","0","0","--","0.0","--","0","0","0.0","0.0","--","0","0","0","--","0:00","14.0","0:00","No","01:33:21.21.2","1","0.0","22","13","32","01:32:24","01:33:21","346","653"
Trail Running,2021-04-14 13:44:10,true,"Piatra Neamt Trail Running","12.02","867","01:16:21","141","170","3.6","157","240","6:21","3:33","496","490","0.96","8.2","7.8","309","48.3% L / 51.7% R","0","0","--","0.0","--","0","0","0.0","0.0","--","0","0","0","--","0:00","11.0","0:00","No","00:06.64.4","13","0.0","34","14","43","01:15:14","01:16:21","346","651"
Cycling,2021-04-13 16:22:36,true,"Piatra Neamt Cycling","17.46","750","01:37:33","121","169","3.4","0","0","10.7","29.1","603","597","0.00","0.0","0.0","0","--","0","0","--","0.0","--","0","0","0.0","0.0","--","0","0","0","--","0:00","20.0","0:00","No","18:38.51.4","4","0.0","29","12","52","01:31:37","01:37:33","329","654"
Hiking,2021-04-12 17:19:22,true,"Piatra Neamt Hiking","6.98","464","01:23:21","81","102","1.4","108","250","11:57","6:51","148","141","0.77","0.0","0.0","0","--","0","0","--","0.0","--","0","0","0.0","0.0","--","0","0","0","--","0:00","20.0","0:00","No","01:23:20.95.9","1","0.0","20","10","31","01:20:17","01:23:21","338","474"
Trail Running,2021-04-11 08:00:03,true,"Piatra Neamt Trail Running","52.50","3,726","07:29:05","133","158","5.0","139","256","8:33","4:49","1,797","1,251","0.83","10.3","8.1","345","47.4% L / 52.6% R","0","0","--","0.0","--","0","0","0.0","0.0","--","0","0","0","--","0:00","10.0","0:00","No","05:14.08.4","53","0.0","32","17","47","06:52:32","07:33:41","330","1,920"
Running,2021-04-10 12:42:32,true,"Piatra Neamt Running","3.20","245","00:22:13","130","142","2.3","164","174","6:56","5:42","141","1","0.88","10.2","8.8","280","46.3% L / 53.7% R","0","0","--","0.0","--","0","0","0.0","0.0","--","0","0","0","--","0:00","17.0","0:00","No","01:15.04","4","0.0","32","15","41","00:22:05","00:22:13","295","436"
Hiking,2021-04-09 17:30:53,true,"Piatra Neamt Hiking","8.65","678","01:53:38","85","118","2.0","105","250","13:08","7:38","406","409","0.72","0.0","0.0","0","--","0","0","--","0.0","--","0","0","0.0","0.0","--","0","0","0","--","0:00","13.0","0:00","No","01:53:37.66.6","1","0.0","23","14","34","01:49:14","01:53:38","323","626"
Cycling,2021-04-08 16:14:34,true,"Piatra Neamt Cycling","22.69","503","01:13:00","111","152","2.2","0","0","18.6","37.9","333","327","0.00","0.0","0.0","0","--","0","0","--","0.0","--","0","0","0.0","0.0","--","0","0","0","--","0:00","13.0","0:00","No","08:21.57.9","5","0.0","26","16","40","01:09:04","01:13:00","330","478"
Hiking,2021-04-07 18:14:04,true,"Piatra Neamt Hiking","5.30","425","01:05:21","100","137","1.8","110","246","12:19","7:56","259","258","0.74","0.0","0.0","0","--","0","0","--","0.0","--","0","0","0.0","0.0","--","0","0","0","--","0:00","9.0","0:00","No","01:05:20.85.4","1","0.0","--","--","--","01:04:46","01:05:21","346","606"
Cycling,2021-04-06 16:31:25,true,"Piatra Neamt Cycling","26.08","472","01:05:48","111","143","2.1","0","0","23.8","39.4","285","284","0.00","0.0","0.0","0","--","0","0","--","0.0","--","0","0","0.0","0.0","--","0","0","0","--","0:00","14.0","0:00","No","02:58.27.9","6","0.0","28","14","40","01:04:53","01:05:48","329","479"
Running,2021-04-05 17:14:39,true,"Piatra Neamt Running","13.07","826","01:14:24","138","160","3.3","170","189","5:41","4:47","265","266","1.03","8.2","8.6","265","46.9% L / 53.1% R","0","0","--","0.0","--","0","0","0.0","0.0","--","0","0","0","--","0:00","13.0","0:00","No","00:34.50.1","14","0.0","33","14","45","01:14:10","01:16:43","327","449"
Hiking,2021-04-04 13:11:58,true,"Piatra Neamt Hiking","7.20","567","01:30:06","86","111","2.0","107","247","12:31","9:36","341","335","0.75","0.0","0.0","0","--","0","0","--","0.0","--","0","0","0.0","0.0","--","0","0","0","--","0:00","13.0","0:00","No","01:30:05.62.1","1","0.0","22","11","32","01:26:41","01:30:06","346","650"
Trail Running,2021-04-02 15:35:53,true,"Piatra Neamt Trail Running","13.47","969","01:39:51","131","170","3.2","150","243","7:25","4:42","652","656","0.88","8.8","7.8","308","48.4% L / 51.6% R","0","0","--","0.0","--","0","0","0.0","0.0","--","0","0","0","--","0:00","13.0","0:00","No","02:32.01.1","14","0.0","31","14","43","01:38:00","01:39:51","330","645"
Cycling,2021-04-01 16:35:33,true,"Piatra Neamt Cycling","21.59","731","01:37:28","115","158","2.8","0","0","13.3","37.2","521","514","0.00","0.0","0.0","0","--","0","0","--","0.0","--","0","0","0.0","0.0","--","0","0","0","--","0:00","18.0","0:00","No","05:00.22.2","5","0.0","27","11","46","01:29:56","01:37:28","330","679"
Trail Running,2021-03-31 14:01:41,true,"Piatra Neamt Trail Running","10.26","657","01:02:10","134","168","3.2","158","236","6:04","3:22","252","249","1.03","8.0","8.2","287","48.2% L / 51.8% R","0","0","--","0.0","--","0","0","0.0","0.0","--","0","0","0","--","0:00","18.0","0:00","No","01:17.30.8","11","0.0","32","20","41","01:02:09","01:02:10","338","496"
Cycling,2021-03-30 16:19:23,true,"Piatra Neamt Cycling","20.36","802","01:39:23","125","172","3.5","0","0","12.3","32.9","684","692","0.00","0.0","0.0","0","--","0","0","--","0.0","--","0","0","0.0","0.0","--","0","0","0","--","0:00","14.0","0:00","No","01:15.24","5","0.0","30","15","51","01:34:27","01:39:23","305","652"
Hiking,2021-03-29 16:58:22,true,"Piatra Neamt Hiking","4.85","396","01:09:33","85","112","1.2","100","249","14:20","10:09","273","272","0.70","0.0","0.0","0","--","0","0","--","0.0","--","0","0","0.0","0.0","--","0","0","0","--","0:00","16.0","0:00","No","01:09:32.82.9","1","0.0","22","14","30","01:07:06","01:09:33","408","648"
Trail Running,2021-03-28 10:58:11,true,"Piatra Neamt Trail Running","20.31","1,716","02:42:27","144","170","4.4","135","250","8:00","4:25","1,217","1,214","0.92","0.0","0.0","0","--","0","0","--","0.0","--","0","0","0.0","0.0","--","0","0","0","--","0:00","16.0","0:00","No","01:45.37.4","21","0.0","17","17","17","02:36:44","02:42:27","331","807"
Trail Running,2021-03-27 12:59:10,true,"Piatra Neamt Trail Running","10.19","788","01:17:53","134","165","3.2","153","218","7:39","3:14","499","496","0.83","9.8","7.9","309","47.6% L / 52.4% R","0","0","--","0.0","--","0","0","0.0","0.0","--","0","0","0","--","0:00","15.0","0:00","No","01:05.77.7","11","0.0","33","22","46","01:17:45","01:17:53","345","651"
Trail Running,2021-03-25 13:49:28,true,"Piatra Neamt Trail Running","8.34","605","01:02:11","129","146","2.7","157","224","7:27","4:23","458","462","0.82","10.4","8.2","302","48.1% L / 51.9% R","0","0","--","0.0","--","0","0","0.0","0.0","--","0","0","0","--","0:00","10.0","0:00","No","01:36.64.3","9","0.0","30","14","40","01:02:02","01:02:17","343","652"
Trail Running,2021-03-23 14:21:08,true,"Piatra Neamt Trail Running","10.71","752","01:09:40","137","169","3.3","157","236","6:30","3:34","462","457","0.96","8.2","7.7","281","47.6% L / 52.4% R","0","0","--","0.0","--","0","0","0.0","0.0","--","0","0","0","--","0:00","5.0","0:00","No","03:07.81.7","11","0.0","33","13","44","01:09:24","01:09:40","346","657"
Trail Running,2021-03-22 16:14:12,true,"Piatra Neamt Trail Running","9.44","661","01:02:18","138","164","3.2","162","254","6:36","2:36","378","386","0.92","9.0","8.2","299","47.8% L / 52.2% R","0","0","--","0.0","--","0","0","0.0","0.0","--","0","0","0","--","0:00","6.0","0:00","No","02:13.65.8","10","0.0","32","18","42","01:02:16","01:02:18","323","646"
Trail Running,2021-03-21 13:07:15,true,"Piatra Neamt Trail Running","10.68","760","01:18:56","129","165","3.0","154","226","7:23","4:27","525","516","0.84","10.1","8.4","296","46.6% L / 53.4% R","0","0","--","0.0","--","0","0","0.0","0.0","--","0","0","0","--","0:00","10.0","0:00","No","03:38.79.8","11","0.0","32","14","48","01:15:55","01:18:56","332","665"
Trail Running,2021-03-20 11:58:16,true,"Piatra Neamt Trail Running","17.06","1,284","01:54:33","146","171","4.2","168","250","6:43","4:30","720","700","0.88","9.5","8.2","279","47.5% L / 52.5% R","0","0","--","0.0","--","0","0","0.0","0.0","--","0","0","0","--","0:00","9.0","0:00","No","00:21.09","18","0.0","35","16","45","01:54:18","01:54:33","331","673"
Hiking,2021-03-19 16:07:35,true,"Piatra Neamt Hiking","7.18","569","01:33:16","85","107","2.0","107","244","12:59","8:21","334","342","0.72","0.0","0.0","0","--","0","0","--","0.0","--","0","0","0.0","0.0","--","0","0","0","--","0:00","4.0","0:00","No","01:33:15.93.5","1","0.0","23","12","32","01:30:41","01:33:16","335","642"
Running,2021-03-18 15:46:47,true,"Piatra Neamt Running","7.03","387","00:37:48","132","161","2.4","171","187","5:23","4:18","70","65","1.07","8.6","9.4","254","46.5% L / 53.5% R","0","0","--","0.0","--","0","0","0.0","0.0","--","0","0","0","--","0:00","7.0","0:00","No","00:05.65.6","8","0.0","34","14","47","00:37:45","00:37:48","338","358"
Running,2021-03-17 13:49:25,true,"Piatra Neamt Running","9.01","576","00:55:25","131","168","3.0","164","220","6:09","2:02","240","242","0.97","8.5","8.2","272","47.5% L / 52.5% R","0","0","--","0.0","--","0","0","0.0","0.0","--","0","0","0","--","0:00","5.0","0:00","No","00:02.23.3","10","0.0","33","14","48","00:54:31","00:55:25","335","494"
Running,2021-03-16 14:09:35,true,"Piatra Neamt Running","7.10","399","00:38:47","131","159","2.4","172","227","5:28","4:21","76","69","1.06","8.7","9.4","252","46.4% L / 53.6% R","0","0","--","0.0","--","0","0","0.0","0.0","--","0","0","0","--","0:00","9.0","0:00","No","00:28.83.9","8","0.0","34","14","46","00:38:46","00:40:13","330","371"
Trail Running,2021-03-14 09:50:06,true,"Piatra Neamt Trail Running","12.35","862","01:24:52","137","173","3.6","154","233","6:52","4:49","371","365","0.94","9.1","8.7","278","47.8% L / 52.2% R","0","0","--","0.0","--","0","0","0.0","0.0","--","0","0","0","--","0:00","9.0","0:00","No","01:52.62.1","13","0.0","34","16","47","01:18:01","01:26:54","328","629"
Trail Running,2021-03-13 14:03:36,true,"Piatra Neamt Trail Running","15.09","1,013","01:39:01","135","157","3.4","161","228","6:34","4:16","631","625","0.93","9.4","8.5","289","47.3% L / 52.7% R","0","0","--","0.0","--","0","0","0.0","0.0","--","0","0","0","--","0:00","12.0","0:00","No","00:26.76.7","16","0.0","33","14","43","01:38:54","01:39:01","345","650"
Cycling,2021-03-11 15:24:44,true,"Piatra Neamt Cycling","24.36","478","00:59:28","115","150","2.1","0","0","24.6","39.1","237","204","0.00","0.0","0.0","0","--","0","0","--","0.0","--","0","0","0.0","0.0","--","0","0","0","--","0:00","4.0","0:00","No","10:22.58.1","5","0.0","28","14","42","00:58:56","01:01:34","330","402"
Trail Running,2021-03-10 13:36:42,true,"Piatra Neamt Trail Running","8.01","567","00:59:28","124","162","2.6","159","215","7:25","4:31","379","371","0.85","10.0","8.4","302","47.2% L / 52.8% R","0","0","--","0.0","--","0","0","0.0","0.0","--","0","0","0","--","0:00","6.0","0:00","No","00:04.53.9","9","0.0","31","22","41","00:58:36","00:59:28","335","448"
Hiking,2021-03-09 16:57:55,true,"Piatra Neamt Hiking","5.26","431","01:08:41","102","139","1.8","109","250","13:04","5:55","262","255","0.70","0.0","0.0","0","--","0","0","--","0.0","--","0","0","0.0","0.0","--","0","0","0","--","0:00","11.0","0:00","No","02:10.21.2","3","0.0","--","--","--","01:07:15","01:08:41","346","608"
Trail Running,2021-03-09 14:15:02,true,"Piatra Neamt Trail Running","7.01","436","00:42:55","130","148","2.6","170","178","6:08","4:39","166","163","0.95","9.3","8.9","260","46.9% L / 53.1% R","0","0","--","0.0","--","0","0","0.0","0.0","--","0","0","0","--","0:00","7.0","0:00","No","00:01.75.4","8","0.0","35","22","46","00:42:54","00:42:55","332","478"
Trail Running,2021-03-07 09:10:19,true,"Piatra Neamt Trail Running","21.22","1,619","02:29:53","146","173","5.0","165","256","7:04","4:39","1,150","1,138","0.85","10.0","8.1","292","47.5% L / 52.5% R","0","0","--","0.0","--","0","0","0.0","0.0","--","0","0","0","--","0:00","4.0","0:00","No","01:04.05.9","22","0.0","36","18","47","02:25:20","02:31:32","322","815"
Cycling,2021-03-05 16:17:38,true,"Piatra Neamt Cycling","21.40","793","01:46:21","118","162","3.0","0","0","12.1","33.6","540","546","0.00","0.0","0.0","0","--","0","0","--","0.0","--","0","0","0.0","0.0","--","0","0","0","--","0:00","9.0","0:00","No","04:03.55.9","5","0.0","28","12","46","01:38:37","01:46:21","320","646"
Hiking,2021-03-04 15:59:22,true,"Piatra Neamt Hiking","9.58","743","01:33:56","109","141","2.6","125","247","9:48","5:46","547","544","0.81","0.0","0.0","0","--","0","0","--","0.0","--","0","0","0.0","0.0","--","0","0","0","--","0:00","15.0","0:00","No","01:33:56.25.4","1","0.0","26","15","38","01:32:59","01:33:56","338","647"
Trail Running,2021-03-03 13:19:27,true,"Piatra Neamt Trail Running","13.81","1,025","01:44:24","132","171","3.4","160","240","7:34","4:39","793","791","0.81","10.3","8.0","296","47.9% L / 52.1% R","0","0","--","0.0","--","0","0","0.0","0.0","--","0","0","0","--","0:00","14.0","0:00","No","04:25.91.2","14","0.0","32","13","49","01:43:08","01:44:24","340","649"
Cycling,2021-03-02 16:02:54,true,"Piatra Neamt Cycling","21.29","825","01:41:28","121","169","3.4","0","0","12.6","28.3","601","591","0.00","0.0","0.0","0","--","0","0","--","0.0","--","0","0","0.0","0.0","--","0","0","0","--","0:00","15.0","0:00","No","04:14.56.9","5","0.0","30","12","50","01:34:37","01:41:28","327","659"
Trail Running,2021-02-28 10:33:13,true,"Piatra Neamt Trail Running","11.79","1,274","02:06:07","134","170","4.1","141","256","10:42","5:57","1,267","1,241","0.67","11.1","7.6","383","48.0% L / 52.0% R","0","0","--","0.0","--","0","0","0.0","0.0","--","0","0","0","--","0:00","14.0","0:00","No","05:03.08.8","12","0.0","33","14","48","02:03:15","02:06:07","339","649"
Trail Running,2021-02-27 14:09:54,true,"Piatra Neamt Trail Running","6.71","499","01:04:35","112","169","3.3","139","188","9:38","5:31","350","344","0.74","8.7","6.6","328","46.7% L / 53.3% R","0","0","--","0.0","--","0","0","0.0","0.0","--","0","0","0","--","0:00","7.0","0:00","No","06:29.33.8","7","0.0","27","16","44","01:04:03","01:04:35","341","660"
Hiking,2021-02-26 17:26:18,true,"Piatra Neamt Hiking","5.33","437","01:14:49","95","125","1.5","99","250","14:02","8:59","246","246","0.72","0.0","0.0","0","--","0","0","--","0.0","--","0","0","0.0","0.0","--","0","0","0","--","0:00","18.0","0:00","No","01:14:48.86.5","1","0.0","--","--","--","01:05:38","01:14:49","345","593"
Cycling,2021-02-26 15:20:18,true,"Piatra Neamt Cycling","9.24","452","00:50:14","131","171","3.4","0","0","11.0","25.9","395","386","0.00","0.0","0.0","0","--","0","0","--","0.0","--","0","0","0.0","0.0","--","0","0","0","--","0:00","21.0","0:00","No","20:36.75.5","2","0.0","32","11","50","00:48:35","00:50:14","328","642"
Trail Running,2021-02-24 13:29:52,true,"Piatra Neamt Trail Running","12.74","975","01:29:24","143","172","4.0","165","243","7:01","4:33","655","644","0.85","9.8","8.2","280","47.6% L / 52.4% R","0","0","--","0.0","--","0","0","0.0","0.0","--","0","0","0","--","0:00","19.0","0:00","No","04:00.58.5","13","0.0","36","16","48","01:28:36","01:29:24","346","652"
Running,2021-02-23 17:42:27,true,"Alexandru cel Bun Running","2.01","134","00:11:50","134","149","2.1","173","182","5:54","5:14","55","54","0.97","8.8","8.7","264","47.0% L / 53.0% R","0","0","--","0.0","--","0","0","0.0","0.0","--","0","0","0","--","0:00","14.0","0:00","No","00:02.96.7","3","0.0","34","19","43","00:11:45","00:11:50","354","409"
Cycling,2021-02-23 16:18:09,true,"Alexandru cel Bun Cycling","25.31","763","01:20:58","132","173","3.9","0","0","18.8","38.8","725","723","0.00","0.0","0.0","0","--","0","0","--","0.0","--","0","0","0.0","0.0","--","0","0","0","--","0:00","10.0","0:00","No","00:47.09.7","6","0.0","32","13","47","01:19:57","01:21:04","354","720"
Cycling,2021-02-22 15:43:35,true,"Piatra Neamt Cycling","20.05","593","01:17:04","118","165","2.6","0","0","15.6","34.7","491","487","0.00","0.0","0.0","0","--","0","0","--","0.0","--","0","0","0.0","0.0","--","0","0","0","--","0:00","12.0","0:00","No","00:12.96.5","5","0.0","29","12","51","01:13:12","01:17:04","327","412"
Hiking,2021-02-20 15:54:58,true,"Piatra Neamt Hiking","6.72","558","01:36:05","88","110","1.9","99","230","14:18","9:30","351","361","0.71","0.0","0.0","0","--","0","0","--","0.0","--","0","0","0.0","0.0","--","0","0","0","--","0:00","6.0","0:00","No","01:36:05.22.7","1","0.0","24","11","38","01:29:48","01:36:05","327","639"
Trail Running,2021-02-19 15:01:44,true,"Piatra Neamt Trail Running","13.90","1,088","01:47:55","140","168","3.8","157","232","7:46","4:49","870","853","0.80","9.7","7.6","323","48.1% L / 51.9% R","0","0","--","0.0","--","0","0","0.0","0.0","--","0","0","0","--","0:00","4.0","0:00","No","04:46.38.8","14","0.0","34","17","44","01:47:28","01:47:55","346","666"
Hiking,2021-02-18 15:58:41,true,"Piatra Neamt Hiking","7.39","609","01:31:48","97","161","2.5","121","228","12:25","7:34","397","407","0.66","0.0","0.0","0","--","0","0","--","0.0","--","0","0","0.0","0.0","--","0","0","0","--","0:00","3.0","0:00","No","01:31:48.23.8","1","0.0","25","13","45","01:29:49","01:31:48","329","645"
Trail Running,2021-02-17 13:20:07,true,"Piatra Neamt Trail Running","9.03","771","01:13:12","138","170","3.5","152","256","8:06","4:52","632","632","0.80","10.3","8.1","346","47.9% L / 52.1% R","0","0","--","0.0","--","0","0","0.0","0.0","--","0","0","0","--","0:00","8.0","0:00","No","00:11.11.9","10","0.0","36","13","49","01:13:04","01:13:12","345","655"
Hiking,2021-02-16 16:32:59,true,"Piatra Neamt Hiking","7.39","618","01:32:13","95","152","2.4","118","247","12:29","7:32","393","396","0.68","0.0","0.0","0","--","0","0","--","0.0","--","0","0","0.0","0.0","--","0","0","0","--","0:00","1.0","0:00","No","01:32:12.62.9","1","0.0","22","10","42","01:28:55","01:32:13","338","655"
Hiking,2021-02-15 15:58:07,true,"Piatra Neamt Hiking","7.24","605","01:35:55","100","157","2.3","112","250","13:15","7:44","456","455","0.68","0.0","0.0","0","--","0","0","--","0.0","--","0","0","0.0","0.0","--","0","0","0","--","0:00","3.0","0:00","No","01:35:55.29.8","1","0.0","21","11","36","01:33:34","01:35:55","345","654"
Trail Running,2021-02-09 16:23:41,true,"Piatra Neamt Running","14.39","1,145","01:33:52","153","175","4.7","169","256","6:31","4:26","610","591","0.88","9.5","8.3","274","45.7% L / 54.3% R","0","0","--","0.0","--","0","0","0.0","0.0","--","0","0","0","--","0:00","11.0","0:00","No","01:02.46.4","16","0.0","37","14","48","01:33:42","01:33:52","322","647"
Running,2021-02-08 15:05:35,true,"Piatra Neamt Hiking","9.04","791","01:31:24","121","177","2.9","118","250","10:07","5:05","428","419","0.84","0.0","0.0","0","--","0","0","--","0.0","--","0","0","0.0","0.0","--","0","0","0","--","0:00","6.0","0:00","No","01:31:23.68.3","1","0.0","--","--","--","01:23:02","01:31:24","339","653"
Trail Running,2021-02-07 09:59:46,true,"Piatra Neamt Trail Running","20.47","1,507","02:36:51","136","162","3.7","146","256","7:40","4:13","1,172","1,149","0.86","10.0","8.2","307","47.3% L / 52.7% R","0","0","--","0.0","--","0","0","0.0","0.0","--","0","0","0","--","0:00","5.0","0:00","No","02:15.39.9","21","0.0","33","17","48","02:33:46","02:36:51","346","683"
Hiking,2021-02-06 13:14:12,true,"Piatra Neamt Hiking","7.59","667","01:39:50","104","170","2.7","105","250","13:09","5:55","503","503","0.72","0.0","0.0","0","--","0","0","--","0.0","--","0","0","0.0","0.0","--","0","0","0","--","0:00","4.0","0:00","No","01:39:50.41.6","1","0.0","24","11","42","01:31:43","01:39:50","345","696"
Cycling,2021-02-04 15:08:33,true,"Piatra Neamt Cycling","43.76","973","02:03:01","122","165","3.4","0","0","21.3","44.3","745","750","0.00","0.0","0.0","0","--","0","0","--","0.0","--","0","0","0.0","0.0","--","0","0","0","--","0:00","12.0","0:00","No","09:02.52.3","9","0.0","28","12","45","02:02:22","02:03:01","292","712"
Trail Running,2021-02-02 16:02:00,true,"Piatra Neamt Trail Running","14.12","1,052","01:41:13","140","175","3.6","162","256","7:10","4:31","648","654","0.83","9.8","7.9","292","47.4% L / 52.6% R","0","0","--","0.0","--","0","0","0.0","0.0","--","0","0","0","--","0:00","7.0","0:00","No","00:37.35.2","15","0.0","33","21","45","01:41:03","01:41:13","323","650"
Hiking,2021-02-01 15:29:10,true,"Piatra Neamt Hiking","7.10","579","01:33:26","90","134","2.0","106","244","13:10","6:15","344","348","0.72","0.0","0.0","0","--","0","0","--","0.0","--","0","0","0.0","0.0","--","0","0","0","--","0:00","7.0","0:00","No","01:33:26.29.5","1","0.0","22","13","30","01:29:48","01:33:26","341","650"
Trail Running,2021-01-31 11:02:46,true,"Piatra Neamt Trail Running","15.85","1,245","02:21:22","125","153","3.2","133","256","8:55","4:22","1,191","1,207","0.82","10.2","8.2","358","48.3% L / 51.7% R","0","0","--","0.0","--","0","0","0.0","0.0","--","0","0","0","--","0:00","3.0","0:00","No","04:09.00.3","16","0.0","30","17","43","02:20:45","02:21:22","322","645"
Cycling,2021-01-30 13:51:04,true,"Piatra Neamt Cycling","33.77","714","01:36:42","116","154","2.5","0","0","20.9","39.1","499","496","0.00","0.0","0.0","0","--","0","0","--","0.0","--","0","0","0.0","0.0","--","0","0","0","--","0:00","9.0","0:00","No","08:44.60.6","7","0.0","27","15","45","01:35:22","01:36:42","302","521"
Mountain Biking,2021-01-29 15:32:42,true,"Piatra Neamt Mountain Biking","21.01","616","01:24:09","115","165","2.5","0","0","15.0","32.7","477","471","0.00","0.0","0.0","0","--","0","0","--","0.0","--","0","0","48.9","2.6","--","0","0","0","--","0:00","8.0","0:00","No","03:09.08.5","5","0.0","26","13","45","01:21:12","01:27:35","313","512"
Trail Running,2021-01-26 16:29:38,true,"Piatra Neamt Trail Running","15.16","1,080","01:33:54","147","175","4.1","171","216","6:12","3:27","571","574","0.92","8.9","8.0","275","47.5% L / 52.5% R","0","0","--","0.0","--","0","0","0.0","0.0","--","0","0","0","--","0:00","5.0","0:00","No","00:37.49.9","16","0.0","35","14","46","01:33:45","01:33:54","325","670"
Hiking,2021-01-25 15:50:20,true,"Piatra Neamt Hiking","7.16","566","01:28:04","85","107","2.0","112","144","12:18","8:56","342","342","0.73","0.0","0.0","0","--","0","0","--","0.0","--","0","0","0.0","0.0","--","0","0","0","--","0:00","7.0","0:00","No","01:28:03.67.8","1","0.0","24","15","32","01:26:45","01:28:04","346","652"
Running,2021-01-24 10:00:01,true,"Piatra Neamt Running","25.02","1,587","02:25:47","147","170","4.8","173","255","5:50","4:05","533","536","0.97","8.8","8.5","259","47.2% L / 52.8% R","0","0","--","0.0","--","0","0","0.0","0.0","--","0","0","0","--","0:00","8.0","0:00","No","00:03.75.3","26","0.0","35","15","46","02:25:20","02:29:51","328","707"
Hiking,2021-01-23 10:57:44,true,"Piatra Neamt Hiking","6.55","588","01:41:01","87","119","1.6","94","241","15:25","9:45","461","389","0.69","0.0","0.0","0","--","0","0","--","0.0","--","0","0","0.0","0.0","--","0","0","0","--","0:00","15.0","0:00","No","01:41:00.95.8","1","0.0","24","17","34","01:35:35","01:48:15","350","692"
Trail Running,2021-01-21 17:18:09,true,"Piatra Neamt Trail Running","12.01","833","01:12:03","145","172","3.7","173","237","6:00","4:15","429","429","0.95","8.9","8.5","268","46.2% L / 53.8% R","0","0","--","0.0","--","0","0","0.0","0.0","--","0","0","0","--","0:00","6.0","0:00","No","00:02.87.8","13","0.0","34","14","44","01:11:55","01:12:03","326","649"
Trail Running,2021-01-18 15:37:55,true,"Piatra Neamt Trail Running","11.25","824","01:15:57","141","170","3.5","165","232","6:45","4:00","547","564","0.88","9.5","8.0","286","47.8% L / 52.2% R","0","0","--","0.0","--","0","0","0.0","0.0","--","0","0","0","--","0:00","-2.0","0:00","No","01:07.95.8","12","0.0","34","18","46","01:15:47","01:15:57","327","673"
Trail Running,2021-01-17 14:36:46,true,"Piatra Neamt Trail Running","10.59","782","01:16:23","135","156","3.2","169","212","7:13","4:16","520","521","0.80","10.1","7.6","292","47.7% L / 52.3% R","0","0","--","0.0","--","0","0","0.0","0.0","--","0","0","0","--","0:00","0.0","0:00","No","02:38.32","11","0.0","33","15","45","01:16:05","01:16:23","344","656"
Hiking,2021-01-16 12:09:27,true,"Piatra Neamt Hiking","9.68","788","02:16:11","85","111","2.1","98","217","14:04","9:27","468","466","0.73","0.0","0.0","0","--","0","0","--","0.0","--","0","0","0.0","0.0","--","0","0","0","--","0:00","0.0","0:00","No","02:16:11.43.4","1","0.0","20","11","32","02:02:23","02:16:21","330","674"
Trail Running,2021-01-14 16:11:16,true,"Piatra Neamt Trail Running","14.01","982","01:22:20","152","172","4.3","171","203","5:53","3:59","501","500","0.98","8.7","8.6","269","47.3% L / 52.7% R","0","0","--","0.0","--","0","0","0.0","0.0","--","0","0","0","--","0:00","6.0","0:00","No","00:02.49","15","0.0","36","14","45","01:22:01","01:22:20","320","662"
Running,2021-01-12 16:24:00,true,"Piatra Neamt Running","15.03","1,055","01:18:45","155","173","4.7","174","226","5:14","4:05","318","315","1.09","7.9","8.9","255","46.4% L / 53.6% R","0","0","--","0.0","--","0","0","0.0","0.0","--","0","0","0","--","0:00","8.0","0:00","No","00:10.65.6","16","0.0","36","14","42","01:18:30","01:18:45","327","492"
Hiking,2021-01-11 15:25:51,true,"Piatra Neamt Hiking","6.02","550","01:31:53","106","134","1.8","89","232","15:16","6:02","341","346","0.74","0.0","0.0","0","--","0","0","--","0.0","--","0","0","0.0","0.0","--","0","0","0","--","0:00","8.0","0:00","No","01:31:53.36","1","0.0","--","--","--","01:20:48","01:31:53","342","649"
Trail Running,2021-01-10 11:52:54,true,"Piatra Neamt Trail Running","13.17","1,161","01:35:22","152","170","4.5","158","256","7:14","4:23","771","770","0.85","10.9","8.6","304","47.7% L / 52.3% R","0","0","--","0.0","--","0","0","0.0","0.0","--","0","0","0","--","0:00","6.0","0:00","No","03:06.29.8","14","0.0","36","23","45","01:34:12","01:35:22","321","667"
Hiking,2021-01-09 17:48:07,true,"Piatra Neamt Hiking","6.21","518","01:23:54","103","138","1.9","104","250","13:30","9:59","308","316","0.71","0.0","0.0","0","--","0","0","--","0.0","--","0","0","0.0","0.0","--","0","0","0","--","0:00","5.0","0:00","No","01:23:54.38.7","1","0.0","--","--","--","01:20:13","01:23:54","337","653"
Trail Running,2021-01-06 13:07:25,true,"Piatra Neamt Trail Running","11.05","725","01:15:01","129","147","2.9","154","234","6:47","4:31","479","445","0.91","9.4","8.5","322","48.2% L / 51.8% R","0","0","--","0.0","--","0","0","0.0","0.0","--","0","0","0","--","0:00","10.0","0:00","No","00:19.64.9","12","0.0","32","16","41","01:14:44","01:15:19","339","644"
Hiking,2021-01-05 15:23:53,true,"Piatra Neamt Hiking","7.22","616","01:27:38","107","153","2.3","113","250","12:08","7:10","342","339","0.73","0.0","0.0","0","--","0","0","--","0.0","--","0","0","0.0","0.0","--","0","0","0","--","0:00","9.0","0:00","No","01:27:38.27.1","1","0.0","--","--","--","01:25:39","01:27:38","346","650"
Running,2021-01-03 13:51:06,true,"Piatra Neamt Running","12.65","826","01:30:14","125","150","2.9","157","242","7:08","4:07","554","545","0.87","9.7","8.4","296","46.9% L / 53.1% R","0","0","--","0.0","--","0","0","0.0","0.0","--","0","0","0","--","0:00","10.0","0:00","No","00:01.66.2","14","0.0","31","19","45","01:29:47","01:32:58","331","655"
Running,2021-01-02 14:26:45,true,"Piatra Neamt Running","13.80","991","01:20:15","147","194","4.4","163","204","5:49","3:41","239","217","1.05","0.0","0.0","0","--","0","0","--","0.0","--","0","0","0.0","0.0","--","0","0","0","--","0:00","7.0","0:00","No","04:03.19.9","14","0.0","--","--","--","01:20:11","01:20:15","306","499"
Hiking,2021-01-01 12:15:28,true,"Piatra Neamt Hiking","7.64","638","01:52:16","101","133","1.8","98","244","14:42","1:43","380","387","0.69","0.0","0.0","0","--","0","0","--","0.0","--","0","0","0.0","0.0","--","0","0","0","--","0:00","14.0","0:00","No","01:52:16.22.2","1","0.0","--","--","--","01:46:30","01:52:16","328","632"
